Date,Sales,year,month,dayofweek,lag_1,lag_3,lag_7,lag_14,lag_30,rolling_mean_7,rolling_mean_14,rolling_mean_30,rolling_std_7,day,quarter,is_weekend,is_month_start,is_month_end
14-02-2015,576.726,2015,2,5,129.568,14.56,97.112,1097.25,16.448,418.5508571,404.9582857,593.8703,722.8915277,14,1,1,0,0
15-02-2015,21.36,2015,2,6,576.726,2043.4,134.384,426.67,288.06,487.0671429,367.778,612.5462333,709.9610355,15,1,1,0,0
16-02-2015,9.04,2015,2,0,21.36,129.568,330.512,3.928,19.536,470.9208571,338.8272857,603.6562333,720.5253705,16,1,0,0,0
17-02-2015,54.208,2015,2,1,9.04,576.726,180.32,240.5,4407.1,424.9962857,339.1924286,603.3063667,740.9224738,17,1,0,0,0
18-02-2015,37.784,2015,2,2,54.208,21.36,14.56,290.666,87.158,406.9802857,325.8858571,458.2099667,749.3488403,18,1,0,0,0
20-02-2015,95.59,2015,2,4,37.784,9.04,2043.4,468.9,40.544,410.298,307.8228571,456.5641667,747.3706436,20,1,0,0,0
21-02-2015,8.85,2015,2,5,95.59,54.208,129.568,211.646,54.83,132.0394286,281.1578571,458.3990333,200.5830784,21,1,1,0,0
22-02-2015,19.44,2015,2,6,8.85,37.784,576.726,97.112,9.94,114.794,266.6724286,456.8663667,205.9486674,22,1,1,0,0
23-02-2015,11.364,2015,2,0,19.44,95.59,21.36,134.384,3553.795,35.18171429,261.1244286,457.1830333,31.18098293,23,1,0,0,0
24-02-2015,55.672,2015,2,1,11.364,8.85,9.04,330.512,61.96,33.75371429,252.3372857,339.102,32.13381298,24,1,0,0,0
27-02-2015,19.456,2015,2,4,55.672,19.44,54.208,180.32,149.95,40.41542857,232.7058571,338.8924,30.96903328,27,1,0,0,0
01-03-2015,2203.151,2015,3,6,19.456,11.364,37.784,14.56,299.964,35.45085714,221.2155714,334.5426,31.17429488,1,1,1,1,0
02-03-2015,47.76,2015,3,0,2203.151,55.672,95.59,2043.4,64.864,344.789,377.5435,397.9821667,820.0527299,2,1,0,0,0
03-03-2015,1345.892,2015,3,1,47.76,19.456,8.85,129.568,378.594,337.9561429,234.9977857,397.4120333,822.6702609,3,1,0,0,0
04-03-2015,370.452,2015,3,2,1345.892,2203.151,19.44,576.726,2673.87,528.9621429,321.8780714,429.6553,886.2805184,4,1,0,0,0
05-03-2015,705.562,2015,3,3,370.452,47.76,11.364,21.36,40.08,579.1067143,307.1442143,352.8747,862.2519207,5,1,0,0,0
07-03-2015,1561.062,2015,3,5,705.562,1345.892,55.672,9.04,1097.25,678.2778571,356.0157857,375.0574333,825.1954303,7,1,1,0,0
10-03-2015,741.956,2015,3,1,1561.062,370.452,19.456,54.208,426.67,893.3335714,466.8745,390.5178333,832.0268482,10,1,0,0,0
11-03-2015,918.314,2015,3,2,741.956,705.562,2203.151,37.784,3.928,996.5478571,515.9993571,401.0273667,745.9102822,11,1,0,0,0
14-03-2015,2108.55,2015,3,5,918.314,1561.062,47.76,95.59,240.5,812.9997143,578.8943571,431.5069,524.8321703,14,1,1,0,0
15-03-2015,370.782,2015,3,6,2108.55,741.956,1345.892,8.85,290.666,1107.398286,722.6772143,493.7752333,597.056381,15,1,1,0,0
16-03-2015,471.92,2015,3,0,370.782,918.314,370.452,19.44,468.9,968.0968571,748.5295,496.4457667,644.0429614,16,1,0,0,0
17-03-2015,3960.358,2015,3,1,471.92,2108.55,705.562,11.364,211.646,982.5922857,780.8495,496.5464333,629.3236175,17,1,0,0,0
18-03-2015,28106.716,2015,3,2,3960.358,370.782,1561.062,55.672,97.112,1447.563143,1062.9205,621.5035,1268.414159,18,1,0,0,0
19-03-2015,590.762,2015,3,3,28106.716,471.92,741.956,19.456,134.384,5239.799429,3066.5665,1555.156967,10162.70472,19,1,0,0,0
21-03-2015,4109.816,2015,3,5,590.762,3960.358,918.314,2203.151,330.512,5218.200286,3107.374071,1570.369567,10174.01176,21,1,1,0,0
22-03-2015,464.093,2015,3,6,4109.816,28106.716,2108.55,47.76,180.32,5674.129143,3243.564429,1696.346367,10019.5433,22,1,1,0,0
23-03-2015,945.064,2015,3,0,464.093,590.762,370.782,1345.892,14.56,5439.206714,3273.3025,1705.805467,10135.68193,23,1,0,0,0
24-03-2015,65.38,2015,3,1,945.064,4109.816,471.92,370.452,2043.4,5521.247,3244.671929,1736.822267,10090.041,24,1,0,0,0
25-03-2015,459.146,2015,3,2,65.38,464.093,3960.358,705.562,129.568,5463.169857,3222.881071,1670.888267,10125.0575,25,1,0,0,0
26-03-2015,145.13,2015,3,3,459.146,945.064,28106.716,1561.062,576.726,4962.996714,3205.279929,1681.8742,10296.69312,26,1,0,0,0
28-03-2015,1493.216,2015,3,5,145.13,65.38,590.762,741.956,21.36,968.4844286,3104.141929,1667.487667,1415.305224,28,1,1,0,0
29-03-2015,890.841,2015,3,6,1493.216,459.146,4109.816,918.314,9.04,1097.406429,3157.803357,1716.549533,1416.265987,29,1,1,0,0
30-03-2015,1170.322,2015,3,0,890.841,145.13,464.093,2108.55,54.208,637.5528571,3155.841,1745.9429,503.7619772,30,1,0,0,0
31-03-2015,1959.552,2015,3,1,1170.322,1493.216,945.064,370.782,37.784,738.4427143,3088.824714,1783.1467,533.097876,31,1,0,0,1
01-04-2015,119.888,2015,4,2,1959.552,890.841,65.38,471.92,95.59,883.3695714,3202.308286,1847.205633,707.878173,1,2,0,1,0
02-04-2015,1458.558,2015,4,3,119.888,1170.322,459.146,3960.358,8.85,891.1564286,3177.163143,1848.015567,697.6056398,2,2,0,0,0
04-04-2015,475.844,2015,4,5,1458.558,1959.552,145.13,28106.716,19.44,1033.929571,2998.463143,1896.339167,696.7237751,4,2,1,0,0
05-04-2015,5179.738,2015,4,6,475.844,119.888,1493.216,590.762,11.364,1081.174429,1024.829429,1911.552633,634.8772064,5,2,1,0,0
06-04-2015,1650.69,2015,4,0,5179.738,1458.558,890.841,4109.816,55.672,1607.820429,1352.613429,2083.831767,1688.45923,6,2,0,0,0
07-04-2015,1021.17,2015,4,1,1650.69,475.844,1170.322,464.093,19.456,1716.370286,1176.961571,2136.999033,1658.848206,7,2,0,0,0
08-04-2015,1958.75,2015,4,2,1021.17,5179.738,1959.552,945.064,2203.151,1695.062857,1216.752786,2170.3895,1667.963873,8,2,0,0,0
11-04-2015,1915.24,2015,4,5,1958.75,1650.69,119.888,65.38,47.76,1694.948286,1289.158929,2162.2428,1667.942705,11,2,1,0,0
12-04-2015,1872.443,2015,4,6,1915.24,1021.17,1458.558,459.146,1345.892,1951.427143,1421.291786,2224.492133,1516.544367,12,2,1,0,0
13-04-2015,638.576,2015,4,0,1872.443,1958.75,475.844,145.13,370.452,2010.553571,1522.241571,2242.043833,1502.125598,13,2,0,0,0
15-04-2015,294.72,2015,4,2,638.576,1915.24,5179.738,1493.216,705.562,2033.801,1557.487714,2250.9813,1475.437436,15,2,0,0,0
16-04-2015,39.072,2015,4,3,294.72,1872.443,1650.69,890.841,1561.062,1335.941286,1471.880857,2237.286567,680.6760864,16,2,0,0,0
18-04-2015,1020.532,2015,4,5,39.072,638.576,1021.17,1170.322,741.956,1105.710143,1411.040214,2186.553567,815.6467929,18,2,1,0,0
19-04-2015,205.47,2015,4,6,1020.532,294.72,1958.75,1959.552,918.314,1105.619,1400.340929,2195.839433,815.6578497,19,2,1,0,0
20-04-2015,1250.45,2015,4,0,205.47,39.072,1915.24,119.888,2108.55,855.1504286,1275.049357,2172.077967,778.3615857,20,2,0,0,0
21-04-2015,845.36,2015,4,1,1250.45,1020.532,1872.443,1458.558,370.782,760.1804286,1355.803786,2143.474633,658.8395473,21,2,0,0,0
22-04-2015,257.752,2015,4,2,845.36,205.47,638.576,475.844,471.92,613.4542857,1312.003929,2159.2939,451.6349741,22,2,0,0,0
23-04-2015,362.608,2015,4,3,257.752,1250.45,294.72,5179.738,3960.358,559.0508571,1296.425929,2152.154967,470.6413679,23,2,0,0,0
25-04-2015,2379.994,2015,4,5,362.608,845.36,39.072,1650.69,28106.716,568.7491429,952.3452143,2032.229967,464.9516785,25,2,1,0,0
26-04-2015,282.568,2015,4,6,2379.994,257.752,1020.532,1021.17,590.762,903.1665714,1004.438357,1174.672567,765.3196849,26,2,1,0,0
28-04-2015,2578.476,2015,4,1,282.568,362.608,205.47,1958.75,4109.816,797.7431429,951.6810714,1164.399433,796.6444804,28,2,0,0,0
29-04-2015,768.844,2015,4,2,2578.476,2379.994,1250.45,1915.24,464.093,1136.744,995.9472143,1113.354767,985.1924967,29,2,0,0,0
30-04-2015,1048.74,2015,4,3,768.844,282.568,845.36,1872.443,945.064,1067.943143,914.0617857,1123.513133,992.716138,30,2,0,0,1
02-05-2015,506.12,2015,5,5,1048.74,2578.476,257.752,638.576,65.38,1096.997429,855.2258571,1126.969,988.0813418,2,2,1,0,0
03-05-2015,72.632,2015,5,6,506.12,768.844,362.608,294.72,459.146,1132.478571,845.7647143,1141.660333,956.8889951,3,2,1,0,0
04-05-2015,187.432,2015,5,0,72.632,1048.74,2379.994,39.072,145.13,1091.053429,829.9012857,1128.776533,1001.031223,4,2,0,0,0
05-05-2015,260.977,2015,5,1,187.432,506.12,282.568,1020.532,1493.216,777.8302857,840.4984286,1130.1866,864.1743443,5,2,0,0,0
06-05-2015,254.456,2015,5,2,260.977,72.632,2578.476,205.47,890.841,774.7458571,786.2445,1089.111967,866.2726452,6,2,0,0,0
07-05-2015,1091.35,2015,5,3,254.456,187.432,768.844,1250.45,1170.322,442.743,789.7435,1067.899133,353.140105,7,2,0,0,0
08-05-2015,1799.97,2015,5,4,1091.35,260.977,1048.74,845.36,1959.552,488.8152857,778.3792143,1065.266733,417.8792075,8,2,0,0,0
09-05-2015,394.48,2015,5,5,1799.97,254.456,506.12,257.752,119.888,596.1338571,846.5656429,1059.947333,628.8518984,9,2,1,0,0
10-05-2015,2343.799,2015,5,6,394.48,1091.35,72.632,362.608,1458.558,580.1852857,856.3319286,1069.1004,632.9177864,10,2,1,0,0
11-05-2015,1642.802,2015,5,0,2343.799,1799.97,187.432,2379.994,475.844,904.6377143,997.8455714,1098.608433,867.8850627,11,2,0,0,0
12-05-2015,734.846,2015,5,1,1642.802,394.48,260.977,282.568,5179.738,1112.547714,945.189,1137.507033,841.3544033,12,2,0,0,0
13-05-2015,898.382,2015,5,2,734.846,2343.799,254.456,2578.476,1650.69,1180.243286,977.4945714,989.3439667,778.1035131,13,2,0,0,0
14-05-2015,310.88,2015,5,3,898.382,1642.802,1091.35,768.844,1021.17,1272.232714,857.4878571,964.2670333,682.6174824,14,2,0,0,0
16-05-2015,289.28,2015,5,5,310.88,734.846,1799.97,1048.74,1958.75,1160.737,824.7761429,940.5907,774.6247682,16,2,1,0,0
17-05-2015,91.68,2015,5,6,289.28,898.382,394.48,506.12,1915.24,944.9241429,770.529,884.9417,777.2873062,17,2,1,0,0
18-05-2015,944.964,2015,5,0,91.68,310.88,2343.799,72.632,1872.443,901.667,740.9261429,824.1563667,820.263361,18,2,0,0,0
19-05-2015,91.62,2015,5,1,944.964,289.28,1642.802,187.432,638.576,701.8334286,803.2355714,793.2404,529.0853143,19,2,0,0,0
20-05-2015,320.104,2015,5,2,91.62,91.68,734.846,260.977,294.72,480.236,796.3918571,775.0085333,370.3125375,20,2,0,0,0
21-05-2015,4264.328,2015,5,3,320.104,944.964,898.382,254.456,39.072,420.9871429,800.6152143,775.8546667,355.675711,21,2,0,0,0
22-05-2015,180.93,2015,5,4,4264.328,91.62,310.88,1091.35,1020.532,901.8365714,1087.034643,916.6965333,1510.181068,22,2,0,0,0
23-05-2015,323.758,2015,5,5,180.93,320.104,289.28,1799.97,205.47,883.2722857,1022.004643,888.7098,1519.42672,23,2,1,0,0
24-05-2015,116.28,2015,5,6,323.758,4264.328,91.68,394.48,1250.45,888.1977143,916.5609286,892.6527333,1517.234596,24,2,1,0,0
25-05-2015,119.54,2015,5,0,116.28,180.93,944.964,2343.799,845.36,891.712,896.6895,854.8470667,1515.10918,25,2,0,0,0
26-05-2015,1325.718,2015,5,1,119.54,323.758,91.62,1642.802,257.752,773.7942857,737.8138571,830.6530667,1542.153076,26,2,0,0,0
27-05-2015,2157.394,2015,5,2,1325.718,116.28,320.104,734.846,362.608,950.094,715.165,866.2519333,1521.572847,27,2,0,0,0
28-05-2015,221.968,2015,5,3,2157.394,119.54,4264.328,898.382,2379.994,1212.564,816.7755714,926.0781333,1552.930346,28,2,0,0,0
30-05-2015,1924.913,2015,5,5,221.968,1325.718,180.93,310.88,282.568,635.084,768.4602857,854.1439333,796.1564783,30,2,1,0,0
31-05-2015,773.7,2015,5,6,1924.913,2157.394,323.758,289.28,2578.476,884.2244286,883.7483571,908.8887667,896.8553534,31,2,1,0,1
01-06-2015,5188.52,2015,6,0,773.7,221.968,116.28,91.68,768.844,948.5018571,918.3497857,848.7295667,865.5700498,1,2,0,1,0
02-06-2015,738.598,2015,6,1,5188.52,1924.913,119.54,944.964,1048.74,1673.107571,1282.409786,996.0521,1737.097944,2,2,0,0,0
03-06-2015,531.16,2015,6,2,738.598,773.7,1325.718,91.62,506.12,1761.544429,1267.669357,985.7140333,1658.817049,3,2,0,0,0
04-06-2015,456.272,2015,6,3,531.16,5188.52,2157.394,320.104,72.632,1648.036143,1299.065071,986.5487,1719.678083,4,2,0,0,0
06-06-2015,1374.001,2015,6,5,456.272,738.598,221.968,4264.328,187.432,1405.018714,1308.791357,999.3367,1755.525102,6,2,1,0,0
07-06-2015,281.397,2015,6,6,1374.001,531.16,1924.913,180.93,260.977,1569.594857,1102.339429,1038.889,1678.440063,7,2,1,0,0
08-06-2015,2501.264,2015,6,0,281.397,456.272,773.7,323.758,254.456,1334.806857,1109.515643,1039.569667,1734.468755,8,2,0,0,0
09-06-2015,5463.008,2015,6,1,2501.264,1374.001,5188.52,116.28,1091.35,1581.601714,1265.051786,1114.463267,1763.978393,9,2,0,0,0
10-06-2015,491.55,2015,6,2,5463.008,281.397,738.598,119.54,1799.97,1620.814286,1646.960929,1260.1852,1858.063978,10,2,0,0,0
13-06-2015,14.52,2015,6,5,491.55,2501.264,531.16,1325.718,394.48,1585.521714,1673.533071,1216.5712,1879.832606,13,2,1,0,0
14-06-2015,212.94,2015,6,6,14.52,5463.008,456.272,2157.394,2343.799,1511.716,1579.876071,1203.905867,1937.38916,14,2,1,0,0
15-06-2015,942.974,2015,6,0,212.94,491.55,1374.001,221.968,1642.802,1476.954286,1440.9865,1132.877233,1961.515527,15,2,0,0,0
16-06-2015,763.792,2015,6,1,942.974,14.52,281.397,1924.913,734.846,1415.379,1492.486929,1109.549633,1972.023239,16,2,0,0,0
17-06-2015,3356.486,2015,6,2,763.792,212.94,2501.264,773.7,898.382,1484.292571,1409.549714,1110.5145,1933.850253,17,2,0,0,0
18-06-2015,139.8,2015,6,3,3356.486,942.974,5463.008,5188.52,310.88,1606.467143,1594.034429,1192.4513,2033.267148,18,2,0,0,0
20-06-2015,1828.9496,2015,6,5,139.8,763.792,491.55,738.598,289.28,846.0088571,1233.411571,1186.748633,1157.236598,20,2,1,0,0
21-06-2015,4107.443,2015,6,6,1828.9496,3356.486,14.52,531.16,91.68,1037.065943,1311.293829,1238.070953,1198.623587,21,2,1,0,0
22-06-2015,1975.498,2015,6,0,4107.443,139.8,212.94,456.272,944.964,1621.769229,1566.742614,1371.92972,1560.377121,22,2,0,0,0
23-06-2015,109.496,2015,6,1,1975.498,1828.9496,942.974,1374.001,91.62,1873.563229,1675.258757,1406.280853,1432.083754,23,2,0,0,0
24-06-2015,4.272,2015,6,2,109.496,4107.443,763.792,281.397,320.104,1754.494943,1584.936971,1406.87672,1551.981494,24,2,0,0,0
25-06-2015,792.76,2015,6,3,4.272,1975.498,3356.486,2501.264,4264.328,1645.992086,1565.142329,1396.348987,1655.86117,25,2,0,0,0
27-06-2015,616.14,2015,6,5,792.76,109.496,139.8,5463.008,180.93,1279.745514,1443.106329,1280.630053,1489.659749,27,2,1,0,0
28-06-2015,1645.791,2015,6,6,616.14,4.272,1828.9496,491.55,323.758,1347.794086,1096.901471,1295.137053,1438.923165,28,2,1,0,0
29-06-2015,46.68,2015,6,0,1645.791,792.76,4107.443,14.52,116.28,1321.628571,1179.347257,1339.20482,1430.355337,29,2,0,0,0
30-06-2015,739.624,2015,6,1,46.68,616.14,1975.498,212.94,119.54,741.5195714,1181.6444,1336.88482,794.2024305,30,2,0,0,1
01-07-2015,601.024,2015,7,2,739.624,1645.791,109.496,942.974,1325.718,564.9661429,1219.264686,1357.554287,583.6163184,1,3,0,1,0
02-07-2015,79.56,2015,7,3,601.024,46.68,4.272,763.792,2157.394,635.1844286,1194.839686,1333.39782,548.1759005,2,3,0,0,0
04-07-2015,247.408,2015,7,5,79.56,739.624,792.76,3356.486,221.968,645.9398571,1145.965971,1264.136687,534.2969158,4,3,1,0,0
05-07-2015,1444.104,2015,7,6,247.408,601.024,616.14,139.8,1924.913,568.0324286,923.8889714,1264.984687,548.881238,5,3,1,0,0
06-07-2015,1038.472,2015,7,0,1444.104,79.56,1645.791,1828.9496,773.7,686.313,1017.053543,1248.95772,642.2458882,6,3,0,0,0
07-07-2015,241.194,2015,7,1,1038.472,247.408,46.68,4107.443,5188.52,599.5531429,960.5908571,1257.783453,520.5134811,7,3,0,0,0
08-07-2015,763.074,2015,7,2,241.194,1444.104,739.624,1975.498,738.598,627.3408571,684.4302143,1092.872587,490.4000353,8,3,0,0,0
09-07-2015,265.521,2015,7,3,763.074,1038.472,601.024,109.496,531.16,630.6908571,597.8285,1093.688453,491.3740246,9,3,0,0,0
11-07-2015,2022.356,2015,7,5,265.521,241.194,79.56,4.272,456.272,582.7618571,608.9731429,1084.83382,510.7313663,11,3,1,0,0
12-07-2015,1960.012,2015,7,6,2022.356,763.074,247.408,792.76,1374.001,860.3041429,753.122,1137.03662,688.6085385,12,3,1,0,0
13-07-2015,351.216,2015,7,0,1960.012,265.521,1444.104,616.14,281.397,1104.961857,836.4971429,1156.57032,737.0893461,13,3,0,0,0
14-07-2015,292.594,2015,7,1,351.216,2022.356,1038.472,1645.791,2501.264,948.835,817.574,1158.89762,768.3630306,14,3,0,0,0
15-07-2015,9.51,2015,7,2,292.594,1960.012,241.194,46.68,5463.008,842.281,720.9170714,1085.275287,804.7185485,15,3,0,0,0
18-07-2015,273.04,2015,7,5,9.51,351.216,763.074,739.624,491.55,809.1832857,718.2620714,903.49202,837.6520161,18,3,1,0,0
19-07-2015,461.326,2015,7,6,273.04,292.594,265.521,601.024,14.52,739.1784286,684.9346429,896.2083533,862.2629333,19,3,1,0,0
20-07-2015,2285.786,2015,7,0,461.326,9.51,2022.356,79.56,212.94,767.1505714,674.9562143,911.1018867,847.3839865,20,3,0,0,0
21-07-2015,1961.482,2015,7,1,2285.786,273.04,1960.012,247.408,942.974,804.7834286,832.5437857,980.1967533,915.5287177,21,3,0,0,0
22-07-2015,1348.344,2015,7,2,1961.482,461.326,351.216,1444.104,763.792,804.9934286,954.9776429,1014.14702,915.8379789,22,3,0,0,0
23-07-2015,2613.184,2015,7,3,1348.344,2285.786,292.594,1038.472,3356.486,947.4402857,948.1376429,1033.632087,911.0281152,23,3,0,0,0
25-07-2015,8341.29,2015,7,5,2613.184,1961.482,9.51,241.194,139.8,1278.953143,1060.617071,1008.855353,1045.339371,25,3,1,0,0
26-07-2015,5039.994,2015,7,6,8341.29,1348.344,273.04,763.074,1828.9496,2469.207429,1639.195357,1282.238353,2735.707877,26,3,1,0,0
27-07-2015,580.06,2015,7,0,5039.994,2613.184,461.326,265.521,4107.443,3150.200857,1944.689643,1389.273167,2690.852201,27,3,0,0,0
28-07-2015,193.152,2015,7,1,580.06,8341.29,2285.786,2022.356,1975.498,3167.162857,1967.156714,1271.693733,2671.381524,28,3,0,0,0
30-07-2015,1367.84,2015,7,3,193.152,5039.994,1961.482,1960.012,109.496,2868.215143,1836.499286,1212.2822,2894.247246,30,3,0,0,0
01-08-2015,228.328,2015,8,5,1367.84,580.06,1348.344,351.216,4.272,2783.409143,1794.201286,1254.227,2933.672866,1,3,1,1,0
02-08-2015,886.28,2015,8,6,228.328,193.152,2613.184,292.594,792.76,2623.406857,1785.423571,1261.695533,3053.097921,2,3,1,0,0
03-08-2015,477.994,2015,8,0,886.28,1367.84,8341.29,9.51,616.14,2376.706286,1827.829714,1264.812867,3123.030539,3,3,0,0,0
04-08-2015,2743.154,2015,8,1,477.994,228.328,5039.994,273.04,1645.791,1253.378286,1861.292857,1260.208,1718.318334,4,3,0,0,0
05-08-2015,2408.724,2015,8,2,2743.154,886.28,580.06,461.326,46.68,925.2582857,2037.729571,1296.786767,898.4283818,5,3,0,0,0
06-08-2015,262.89,2015,8,3,2408.724,477.994,193.152,2285.786,739.624,1186.496,2176.829429,1375.521567,1036.567574,6,3,0,0,0
08-08-2015,3955.629,2015,8,5,262.89,2743.154,1367.84,1961.482,601.024,1196.458571,2032.336857,1359.630433,1025.707478,8,3,1,0,0
09-08-2015,3605.685,2015,8,6,3955.629,2408.724,228.328,1348.344,79.56,1566.142714,2174.775929,1471.4506,1468.527623,9,3,1,0,0
11-08-2015,451.62,2015,8,1,3605.685,262.89,886.28,2613.184,247.408,2048.622286,2336.014571,1588.9881,1509.962419,11,3,0,0,0
12-08-2015,1545.73,2015,8,2,451.62,3955.629,477.994,8341.29,1444.104,1986.528,2181.617143,1595.795167,1573.335409,12,3,0,0,0
15-08-2015,337.5,2015,8,5,1545.73,3605.685,2743.154,5039.994,1038.472,2139.061714,1696.22,1599.1827,1449.601564,15,3,1,0,0
16-08-2015,853.092,2015,8,6,337.5,451.62,2408.724,580.06,241.194,1795.396857,1360.327571,1575.816967,1563.224581,16,3,1,0,0
17-08-2015,500.342,2015,8,0,853.092,1545.73,262.89,193.152,763.074,1573.163714,1379.829857,1596.213567,1572.051834,17,3,0,0,0
19-08-2015,1439.106,2015,8,2,500.342,337.5,3955.629,1367.84,265.521,1607.085429,1401.772,1587.455833,1541.32823,19,3,0,0,0
20-08-2015,1838.722,2015,8,3,1439.106,853.092,3605.685,228.328,2022.356,1247.582143,1406.862429,1626.575333,1144.699244,20,3,0,0,0
22-08-2015,23.104,2015,8,5,1838.722,500.342,451.62,886.28,1960.012,995.1588571,1521.890571,1620.4542,606.1892994,22,3,1,0,0
23-08-2015,565.224,2015,8,6,23.104,1439.106,1545.73,477.994,351.216,933.9422857,1460.235143,1555.8906,686.5392288,23,3,1,0,0
24-08-2015,59.74,2015,8,0,565.224,1838.722,337.5,2743.154,292.594,793.87,1466.465857,1563.0242,639.3152491,24,3,0,0,0
25-08-2015,1451.65,2015,8,1,59.74,23.104,853.092,2408.724,9.51,754.19,1274.793429,1555.2624,679.7052903,25,3,0,0,0
26-08-2015,366.81,2015,8,2,1451.65,565.224,500.342,262.89,273.04,839.6982857,1206.431,1603.333733,730.0094597,26,3,0,0,0
27-08-2015,2070.13,2015,8,3,366.81,59.74,1439.106,3955.629,461.326,820.6222857,1213.853857,1606.4594,742.0013761,27,3,0,0,0
29-08-2015,832.3225,2015,8,5,2070.13,1451.65,1838.722,3605.685,2285.786,910.7685714,1079.175357,1660.0862,858.8033541,29,3,1,0,0
30-08-2015,121.24,2015,8,6,832.3225,366.81,23.104,451.62,1961.482,766.9972143,881.0780357,1611.637417,755.6039533,30,3,1,0,0
31-08-2015,92.52,2015,8,0,121.24,2070.13,565.224,1545.73,1348.344,781.0166429,857.4794643,1550.296017,740.255976,31,3,0,0,1
01-09-2015,469.436,2015,9,1,92.52,832.3225,59.74,337.5,2613.184,713.4875,753.67875,1508.435217,783.5191262,1,3,0,1,0
02-09-2015,3254.15,2015,9,2,469.436,121.24,1451.65,853.092,8341.29,772.0155,763.10275,1436.97695,740.6764903,2,3,0,0,0
03-09-2015,22.08,2015,9,3,3254.15,92.52,366.81,500.342,5039.994,1029.5155,934.6068929,1267.405617,1192.095833,3,3,0,0,0
05-09-2015,296.304,2015,9,5,22.08,469.436,2070.13,1439.106,580.06,980.2683571,900.4453214,1100.141817,1230.536847,5,3,1,0,0
06-09-2015,100.36,2015,9,6,296.304,3254.15,832.3225,1838.722,193.152,726.8646429,818.8166071,1090.683283,1148.610779,6,3,1,0,0
07-09-2015,3523.875,2015,9,0,100.36,22.08,121.24,23.104,1367.84,622.2985714,694.6478929,1087.590217,1170.519016,7,3,0,0,0
08-09-2015,14228.428,2015,9,1,3523.875,296.304,92.52,565.224,228.328,1108.389286,944.7029643,1159.45805,1567.098455,8,3,0,0,0
09-09-2015,4043.588,2015,9,2,14228.428,100.36,469.436,59.74,886.28,3127.804714,1920.646107,1626.12805,5120.090171,9,3,0,0,0
10-09-2015,1855.228,2015,9,3,4043.588,3523.875,3254.15,1451.65,477.994,3638.397857,2205.206679,1731.37165,4987.296152,10,3,0,0,0
11-09-2015,127.95,2015,9,4,1855.228,14228.428,22.08,366.81,2743.154,3438.551857,2234.033679,1777.27945,5033.077534,11,3,0,0,0
12-09-2015,4904.66,2015,9,5,127.95,4043.588,296.304,2070.13,2408.724,3453.676143,2216.97225,1690.105983,5021.245203,12,3,1,0,0
13-09-2015,1275.408,2015,9,6,4904.66,1855.228,100.36,832.3225,262.89,4112.012714,2419.438679,1773.30385,4837.008826,13,3,1,0,0
14-09-2015,5023.716,2015,9,0,1275.408,127.95,3523.875,121.24,3955.629,4279.876714,2451.087643,1807.05445,4692.825142,14,3,0,0,0
15-09-2015,133.436,2015,9,1,5023.716,4904.66,14228.428,92.52,3605.685,4494.139714,2801.2645,1842.65735,4686.790742,15,3,0,0,0
16-09-2015,33.552,2015,9,2,133.436,1275.408,4043.588,469.436,451.62,2480.569429,2804.187071,1726.915717,2147.640415,16,3,0,0,0
17-09-2015,820.523,2015,9,3,33.552,5023.716,1855.228,3254.15,1545.73,1907.707143,2773.0525,1712.980117,2195.51911,17,3,0,0,0
19-09-2015,9338.637,2015,9,5,820.523,133.436,127.95,22.08,337.5,1759.892143,2599.222,1688.80655,2234.132768,19,3,1,0,0
20-09-2015,5335.968,2015,9,6,9338.637,33.552,4904.66,296.304,853.092,3075.704571,3264.690357,1988.84445,3478.570046,20,3,1,0,0
21-09-2015,2679.652,2015,9,0,5335.968,820.523,1275.408,100.36,500.342,3137.32,3624.666357,2138.27365,3519.939274,21,3,0,0,0
22-09-2015,1240.266,2015,9,1,2679.652,9338.637,5023.716,3523.875,1439.106,3337.926286,3808.9015,2210.917317,3435.134119,22,3,0,0,0
23-09-2015,10662.337,2015,9,2,1240.266,5335.968,133.436,14228.428,1838.722,2797.433429,3645.786571,2204.289317,3423.308402,23,3,0,0,0
24-09-2015,211.96,2015,9,3,10662.337,2679.652,33.552,4043.588,23.104,4301.562143,3391.065786,2498.409817,4266.87329,24,3,0,0,0
25-09-2015,354.8888,2015,9,4,211.96,1240.266,820.523,1855.228,565.224,4327.049,3117.378071,2504.705017,4237.562863,25,3,0,0,0
26-09-2015,1326.79,2015,9,5,354.8888,10662.337,9338.637,127.95,59.74,4260.529829,3010.210986,2497.693843,4304.900165,26,3,1,0,0
27-09-2015,773.44,2015,9,6,1326.79,211.96,5335.968,4904.66,1451.65,3115.980257,3095.842414,2539.928843,3760.378825,27,3,1,0,0
28-09-2015,490.292,2015,9,0,773.44,354.8888,2679.652,1275.408,366.81,2464.190543,2800.755271,2517.321843,3706.481573,28,3,0,0,0
29-09-2015,8109.07,2015,9,1,490.292,1326.79,1240.266,5023.716,2070.13,2151.424829,2744.675557,2521.43791,3776.972531,29,3,0,0,0
30-09-2015,987.532,2015,9,2,8109.07,773.44,10662.337,133.436,832.3225,3132.682543,2965.057986,2722.73591,4349.643427,30,3,0,0,1
01-10-2015,4.71,2015,10,3,987.532,490.292,211.96,33.552,121.24,1750.567543,3026.064843,2727.90956,2829.919585,1,4,0,1,0
02-10-2015,598.144,2015,10,4,4.71,8109.07,354.8888,820.523,92.52,1720.9604,3024.0047,2724.025227,2849.71456,2,4,0,0,0
03-10-2015,862.683,2015,10,5,598.144,987.532,1326.79,9338.637,469.436,1755.711143,3008.120486,2740.87936,2831.705911,3,4,1,0,0
04-10-2015,728.748,2015,10,6,862.683,4.71,773.44,5335.968,3254.15,1689.410143,2402.6952,2753.987593,2848.804,4,4,1,0,0
05-10-2015,191.9,2015,10,0,728.748,598.144,490.292,2679.652,22.08,1683.025571,2073.608057,2669.807527,2851.247986,5,4,0,0,0
06-10-2015,494.71,2015,10,1,191.9,862.683,8109.07,1240.266,296.304,1640.398143,1895.911486,2675.468193,2874.190115,6,4,0,0,0
07-10-2015,237.36,2015,10,2,494.71,728.748,987.532,10662.337,100.36,552.6324286,1842.657486,2682.081727,354.0383388,7,4,0,0,0
08-10-2015,147.392,2015,10,3,237.36,191.9,4.71,211.96,3523.875,445.465,1098.016271,2686.648393,311.4278769,8,4,0,0,0
09-10-2015,249.36,2015,10,4,147.392,494.71,598.144,354.8888,14228.428,465.8481429,1093.404271,2574.09896,280.9502241,9,4,0,0,0
10-10-2015,2049.386,2015,10,5,249.36,237.36,862.683,1326.79,4043.588,416.0218571,1085.8665,2108.130027,284.4832982,10,4,1,0,0
11-10-2015,1381.164,2015,10,6,2049.386,147.392,728.748,773.44,1855.228,585.5508571,1137.4805,2041.656627,677.3448353,11,4,1,0,0
12-10-2015,58.53,2015,10,0,1381.164,249.36,191.9,490.292,127.95,678.7531429,1180.889357,2025.854493,742.1213225,12,4,0,0,0
13-10-2015,2212.182,2015,10,1,58.53,2049.386,494.71,8109.07,4904.66,659.7002857,1150.049214,2023.540493,758.2407301,13,4,0,0,0
14-10-2015,4525.484,2015,10,2,2212.182,1381.164,237.36,987.532,1275.408,905.0534286,728.8429286,1933.791227,949.6634978,14,4,0,0,0
15-10-2015,206.724,2015,10,3,4525.484,58.53,147.392,4.71,5023.716,1517.642571,981.5537857,2042.127093,1604.4734,15,4,0,0,0
16-10-2015,194.322,2015,10,4,206.724,2212.182,249.36,598.144,133.436,1526.118571,995.9833571,1881.560693,1596.163491,16,4,0,0,0
17-10-2015,136.068,2015,10,5,194.322,4525.484,2049.386,862.683,33.552,1518.256,967.1389286,1883.590227,1603.619045,17,4,1,0,0
18-10-2015,3134.916,2015,10,6,136.068,206.724,1381.164,728.748,820.523,1244.924857,915.2378571,1887.007427,1660.06724,18,4,1,0,0
19-10-2015,641.104,2015,10,0,3134.916,194.322,58.53,191.9,9338.637,1495.460857,1087.107,1964.15386,1809.653137,19,4,0,0,0
20-10-2015,1501.104,2015,10,1,641.104,136.068,2212.182,494.71,5335.968,1578.685714,1119.193,1674.236093,1744.789269,20,4,0,0,0
21-10-2015,1356.602,2015,10,2,1501.104,3134.916,4525.484,237.36,2679.652,1477.103143,1191.078286,1546.407293,1722.314616,21,4,0,0,0
22-10-2015,223.808,2015,10,3,1356.602,641.104,206.724,147.392,1240.266,1024.405714,1271.024143,1502.305627,1086.704173,22,4,0,0,0
24-10-2015,56.49,2015,10,5,223.808,1501.104,194.322,249.36,10662.337,1026.846286,1276.482429,1468.423693,1084.578825,24,4,1,0,0
25-10-2015,103.882,2015,10,6,56.49,1356.602,136.068,2049.386,211.96,1007.156,1262.706,1114.89546,1103.301716,25,4,1,0,0
26-10-2015,447.88,2015,10,0,103.882,223.808,3134.916,1381.164,354.8888,1002.558,1123.741429,1111.29286,1107.59572,26,4,0,0,0
27-10-2015,22.32,2015,10,1,447.88,56.49,641.104,58.53,1326.79,618.6957143,1057.078286,1114.392567,590.180049,27,4,0,0,0
28-10-2015,1510.582,2015,10,2,22.32,103.882,1501.104,2212.182,773.44,530.298,1054.491857,1070.910233,631.1811297,28,4,0,0,0
29-10-2015,2813.812,2015,10,3,1510.582,447.88,1356.602,4525.484,490.292,531.652,1004.377571,1095.481633,633.6162494,29,4,0,0,0
31-10-2015,5362.026,2015,10,5,2813.812,22.32,223.808,206.724,8109.07,739.8248571,882.1152857,1172.9323,1051.441669,31,4,1,0,1
01-11-2015,4637.816,2015,11,6,5362.026,1510.582,56.49,194.322,987.532,1473.856,1250.351143,1081.364167,1998.334118,1,4,1,1,0
02-11-2015,2126.37,2015,11,0,4637.816,2813.812,103.882,136.068,4.71,2128.331143,1567.743571,1203.0403,2197.096114,2,4,0,0,0
03-11-2015,2784.163,2015,11,1,2126.37,5362.026,447.88,3134.916,598.144,2417.258,1709.908,1273.7623,2011.659614,3,4,0,0,0
04-11-2015,6693.748,2015,11,2,2784.163,4637.816,22.32,641.104,862.683,2751.012714,1684.854214,1346.6296,1814.619819,4,4,0,0,0
05-11-2015,1694.564,2015,11,3,6693.748,2126.37,1510.582,1501.104,728.748,3704.073857,2117.185929,1540.998433,1892.889736,5,4,0,0,0
07-11-2015,1302.454,2015,11,5,1694.564,2784.163,2813.812,1356.602,191.9,3730.357,2131.0045,1573.1923,1858.318103,7,4,1,0,0
08-11-2015,333.576,2015,11,6,1302.454,6693.748,5362.026,223.808,494.71,3514.448714,2127.136786,1610.210767,2059.466782,8,4,1,0,0
09-11-2015,1574.094,2015,11,0,333.576,1694.564,4637.816,56.49,237.36,2796.098714,2134.977357,1604.839633,2181.002938,9,4,0,0,0
10-11-2015,2002.556,2015,11,1,1574.094,1302.454,2126.37,103.882,147.392,2358.424143,2243.377643,1649.397433,2053.497125,10,4,0,0,0
11-11-2015,7836.978,2015,11,2,2002.556,333.576,2784.163,447.88,249.36,2340.736429,2378.997214,1711.236233,2056.360283,11,4,0,0,0
12-11-2015,901.6492,2015,11,3,7836.978,1574.094,6693.748,22.32,2049.386,3062.567143,2906.789929,1964.156833,2936.451172,12,4,0,0,0
14-11-2015,1034.73,2015,11,5,901.6492,2002.556,1694.564,1510.582,1381.164,2235.124457,2969.599157,1925.89894,2530.742152,14,4,1,0,0
15-11-2015,1780.822,2015,11,6,1034.73,7836.978,1302.454,2813.812,58.53,2140.862457,2935.609729,1914.35114,2566.270934,15,4,1,0,0
16-11-2015,1355.9285,2015,11,0,1780.822,901.6492,333.576,5362.026,2212.182,2209.200743,2861.824729,1971.760873,2546.516855,16,4,0,0,0
17-11-2015,11544.274,2015,11,1,1355.9285,1034.73,1574.094,4637.816,4525.484,2355.2511,2575.674907,1943.21909,2448.444369,17,4,0,0,0
18-11-2015,3406.855,2015,11,2,11544.274,1780.822,2002.556,2126.37,206.724,3779.562529,3068.993336,2177.178757,4195.167321,18,4,0,0,0
19-11-2015,7226.086,2015,11,3,3406.855,1355.9285,7836.978,2784.163,194.322,3980.176671,3160.45655,2283.84979,4129.08403,19,4,0,0,0
20-11-2015,907.56,2015,11,4,7226.086,11544.274,901.6492,6693.748,136.068,3892.906386,3477.736764,2518.241923,4039.465883,20,4,0,0,0
21-11-2015,1249.622,2015,11,5,907.56,3406.855,1034.73,1694.564,3134.916,3893.750786,3064.437621,2543.958323,4038.736936,21,4,1,0,0
22-11-2015,1103.298,2015,11,6,1249.622,7226.086,1780.822,1302.454,641.104,3924.449643,3032.65605,2481.11519,4014.124987,22,4,1,0,0
23-11-2015,1363.28,2015,11,0,1103.298,907.56,1355.9285,333.576,1501.104,3827.6605,3018.430621,2496.521657,4082.02108,23,4,0,0,0
24-11-2015,5572.864,2015,11,1,1363.28,1249.622,11544.274,1574.094,1356.602,3828.710714,3091.980907,2491.927523,4081.280049,24,4,0,0,0
25-11-2015,4415.695,2015,11,2,5572.864,1103.298,3406.855,2002.556,223.808,2975.652143,3377.607336,2632.46959,2528.48019,25,4,0,0,0
26-11-2015,1705.99,2015,11,3,4415.695,1363.28,7226.086,7836.978,56.49,3119.772143,3549.974407,2772.199157,2585.268069,26,4,0,0,0
27-11-2015,203.66,2015,11,4,1705.99,5572.864,907.56,901.6492,103.882,2331.187,3112.046693,2827.18249,1865.724466,27,4,0,0,0
28-11-2015,2280.83,2015,11,5,203.66,4415.695,1249.622,1034.73,447.88,2230.629857,3062.190321,2830.508423,1971.228121,28,4,1,0,0
29-11-2015,649.044,2015,11,6,2280.83,1705.99,1103.298,1780.822,22.32,2377.945286,3151.197464,2891.606757,1923.654189,29,4,1,0,0
30-11-2015,219.154,2015,11,0,649.044,203.66,1363.28,1355.9285,1510.582,2313.051857,3070.356179,2912.497557,1980.638301,30,4,0,0,1
01-12-2015,5624.39,2015,12,1,219.154,2280.83,5572.864,11544.274,2813.812,2149.605286,2989.158,2869.449957,2114.74611,1,4,0,1,0
02-12-2015,1771.808,2015,12,2,5624.39,649.044,4415.695,3406.855,5362.026,2156.966143,2566.309143,2963.13589,2128.691146,2,4,0,0,0
03-12-2015,505.88,2015,12,3,1771.808,219.154,1705.99,7226.086,4637.816,1779.268,2449.520071,2843.461957,1881.305199,3,4,0,0,0
04-12-2015,129.98,2015,12,4,505.88,5624.39,203.66,907.56,2126.37,1607.823714,1969.505357,2705.730757,1942.775113,4,4,0,0,0
05-12-2015,2963.642,2015,12,5,129.98,1771.808,2280.83,1249.622,2784.163,1597.298,1913.963929,2639.184423,1951.829125,5,4,1,0,0
06-12-2015,1970.978,2015,12,6,2963.642,505.88,649.044,1103.298,6693.748,1694.842571,2036.393929,2645.167057,2007.938285,6,4,1,0,0
07-12-2015,548.4,2015,12,0,1970.978,129.98,219.154,1363.28,1694.564,1883.690286,2098.371071,2487.74139,1954.64442,7,4,0,0,0
08-12-2015,1095.12,2015,12,1,548.4,2963.642,5624.39,5572.864,1302.454,1930.725429,2040.165357,2449.535923,1911.397474,8,4,0,0,0
09-12-2015,1522.652,2015,12,2,1095.12,1970.978,1771.808,4415.695,333.576,1283.686857,1720.3265,2442.62479,1003.751952,9,4,0,0,0
10-12-2015,573.336,2015,12,3,1522.652,548.4,505.88,1705.99,1574.094,1248.093143,1513.680571,2482.260657,987.8496504,10,4,0,0,0
12-12-2015,4938.4045,2015,12,5,573.336,1095.12,129.98,203.66,2002.556,1257.729714,1432.776714,2448.902057,979.6979465,12,4,1,0,0
13-12-2015,293.152,2015,12,6,4938.4045,1522.652,2963.642,2280.83,7836.978,1944.6475,1770.97275,2546.763673,1566.918608,13,4,1,0,0
14-12-2015,7641.658,2015,12,0,293.152,573.336,1970.978,649.044,901.6492,1563.148929,1628.99575,2295.302807,1602.17056,14,4,0,0,0
15-12-2015,1264.466,2015,12,1,7641.658,4938.4045,548.4,219.154,1034.73,2373.246071,2128.468179,2519.969767,2816.31702,15,4,0,0,0
16-12-2015,4065.595,2015,12,2,1264.466,293.152,1095.12,5624.39,1780.822,2475.541214,2203.133321,2527.627633,2751.240003,16,4,0,0,0
17-12-2015,45.534,2015,12,3,4065.595,7641.658,1522.652,1771.808,1355.9285,2899.894786,2091.790821,2603.786733,2731.852423,17,4,0,0,0
19-12-2015,3436.76,2015,12,5,45.534,1264.466,573.336,505.88,11544.274,2688.877929,1968.485536,2560.106917,2907.375305,19,4,1,0,0
20-12-2015,6962.44,2015,12,6,3436.76,4065.595,4938.4045,129.98,3406.855,3097.9385,2177.834107,2289.85645,2757.700825,20,4,1,0,0
21-12-2015,1933.44,2015,12,0,6962.44,45.534,293.152,2963.642,7226.086,3387.086429,2665.866964,2408.37595,3071.136981,21,4,0,0,0
22-12-2015,798.968,2015,12,1,1933.44,3436.76,7641.658,1970.978,907.56,3621.413286,2592.281107,2231.954417,2850.368055,22,4,0,0,0
23-12-2015,942.108,2015,12,2,798.968,6962.44,1264.466,548.4,1249.622,2643.886143,2508.566107,2228.334683,2375.657906,23,4,0,0,0
24-12-2015,1950.202,2015,12,3,942.108,1933.44,4065.595,1095.12,1103.298,2597.835,2536.688107,2218.084217,2409.733971,24,4,0,0,0
26-12-2015,2041.414,2015,12,5,1950.202,798.968,45.534,1522.652,1363.28,2295.636,2597.765393,2246.31435,2326.182363,26,4,1,0,0
27-12-2015,2966.388,2015,12,6,2041.414,942.108,3436.76,573.336,5572.864,2580.761714,2634.819821,2268.918817,2117.36233,27,4,1,0,0
28-12-2015,2682.326,2015,12,0,2966.388,1950.202,6962.44,4938.4045,4415.695,2513.565714,2805.752107,2182.036283,2092.992549,28,4,0,0,0
29-12-2015,2072.096,2015,12,1,2682.326,2041.414,1933.44,293.152,1705.99,1902.120857,2644.603643,2124.257317,806.4997203,29,4,0,0,0
30-12-2015,2172.651,2015,12,2,2072.096,2966.388,798.968,7641.658,203.66,1921.928857,2771.671071,2136.46085,809.095684,30,4,0,0,0
31-12-2015,5253.27,2015,12,3,2172.651,2682.326,942.108,1264.466,2280.83,2118.169286,2381.027714,2202.093883,640.3206646,31,4,0,0,1
02-01-2016,1932.096,2016,1,5,5253.27,2072.096,1950.202,4065.595,649.044,2734.049571,2665.942286,2301.175217,1172.64942,2,1,1,0,0
03-01-2016,1768.2216,2016,1,6,1932.096,2172.651,2041.414,45.534,219.154,2731.463,2513.5495,2343.943617,1174.684756,3,1,1,0,0
04-01-2016,264.46,2016,1,0,1768.2216,5253.27,2966.388,3436.76,5624.39,2692.435514,2636.598614,2395.579203,1205.564185,4,1,0,0,0
05-01-2016,295.272,2016,1,1,264.46,1932.096,2682.326,6962.44,1771.808,2306.4458,2410.005757,2216.91487,1499.856034,5,1,0,0,0
06-01-2016,31.538,2016,1,2,295.272,1768.2216,2072.096,1933.44,505.88,1965.438086,1933.779471,2167.697003,1662.675506,6,1,0,0,0
09-01-2016,364.07,2016,1,5,31.538,264.46,2172.651,798.968,129.98,1673.9298,1797.929329,2151.885603,1812.948478,9,1,1,0,0
10-01-2016,1018.104,2016,1,6,364.07,295.272,5253.27,942.108,2963.642,1415.561086,1766.865186,2159.688603,1858.333582,10,1,1,0,0
12-01-2016,747.496,2016,1,1,1018.104,31.538,1932.096,1950.202,1970.978,810.5373714,1772.293471,2094.837337,773.305543,12,1,0,0,0
13-01-2016,622.278,2016,1,2,747.496,364.07,1768.2216,2041.414,548.4,641.3088,1686.3859,2054.054603,596.3250049,13,1,0,0,0
17-01-2016,350.384,2016,1,6,622.278,1018.104,264.46,2966.388,1095.12,477.6025714,1585.019043,2056.517203,335.770923,17,1,1,0,0
19-01-2016,301.742,2016,1,1,350.384,747.496,295.272,2682.326,1522.652,489.8774286,1398.161614,2031.69267,328.1647911,19,1,0,0,0
23-01-2016,43.66,2016,1,5,301.742,622.278,31.538,2072.096,573.336,490.8017143,1228.1199,1990.99567,327.5338322,23,1,1,0,0
24-01-2016,13.12,2016,1,6,43.66,350.384,364.07,2172.651,4938.4045,492.5334286,1083.231614,1973.339803,324.7209132,24,1,1,0,0
26-01-2016,182.72,2016,1,1,13.12,301.742,1018.104,5253.27,293.152,442.3977143,928.9794,1809.163653,371.5735196,26,1,0,0,0
27-01-2016,3573.252,2016,1,2,182.72,43.66,747.496,1932.096,7641.658,323.0571429,566.7972571,1805.482587,278.2986606,27,1,0,0,0
28-01-2016,4297.644,2016,1,3,3573.252,13.12,622.278,1768.2216,1264.466,726.7365714,684.0226857,1669.869053,1271.981366,28,1,0,0,0
30-01-2016,2161.64,2016,1,5,4297.644,182.72,350.384,264.46,4065.595,1251.788857,864.6957143,1770.974987,1849.24888,30,1,1,0,0
31-01-2016,99.26,2016,1,6,2161.64,3573.252,301.742,295.272,45.534,1510.539714,1000.208571,1707.50982,1828.70459,31,1,1,0,1
03-02-2016,492.836,2016,2,2,99.26,4297.644,43.66,31.538,3436.76,1481.613714,986.2077143,1709.300687,1852.458924,3,1,0,0,0
06-02-2016,2432.544,2016,2,5,492.836,2161.64,13.12,364.07,6962.44,1545.781714,1019.157571,1611.169887,1801.424073,6,1,1,0,0
07-02-2016,324.11,2016,2,6,2432.544,99.26,182.72,1018.104,1933.44,1891.413714,1166.905714,1460.173353,1686.803545,7,1,1,0,0
08-02-2016,129.092,2016,2,0,324.11,492.836,3573.252,747.496,798.968,1911.612286,1117.334714,1406.52902,1663.619951,8,1,0,0,0
09-02-2016,785.552,2016,2,1,129.092,2432.544,4297.644,622.278,942.108,1419.589429,1073.163,1384.19982,1598.307159,9,1,0,0,0
10-02-2016,77.24,2016,2,2,785.552,324.11,2161.64,350.384,1950.202,917.862,1084.825429,1378.981287,973.3282331,10,1,0,0,0
14-02-2016,1079.962,2016,2,6,77.24,129.092,99.26,301.742,2041.414,620.0905714,1065.315143,1316.54922,838.96702,14,1,1,0,0
15-02-2016,1602.38,2016,2,0,1079.962,785.552,492.836,43.66,2966.388,760.1908571,1120.902286,1284.50082,819.1473799,15,1,0,0,0
16-02-2016,160.43,2016,2,1,1602.38,77.24,2432.544,13.12,2682.326,918.6971429,1232.239429,1239.033887,864.8650005,16,1,0,0,0
18-02-2016,105.844,2016,2,3,160.43,1079.962,324.11,182.72,2072.096,594.1094286,1242.761571,1154.970687,582.1920184,18,1,0,0,0
20-02-2016,316.78,2016,2,5,105.844,1602.38,129.092,3573.252,2172.651,562.9285714,1237.270429,1089.428953,604.480906,20,1,1,0,0
21-02-2016,2591.1,2016,2,6,316.78,160.43,785.552,4297.644,5253.27,589.7411429,1004.665286,1027.566587,585.9074934,21,1,1,0,0
22-02-2016,79.36,2016,2,0,2591.1,105.844,77.24,2161.64,1932.096,847.6765714,882.7692857,938.8275867,962.7310226,22,1,0,0,0
23-02-2016,37.776,2016,2,1,79.36,316.78,1079.962,99.26,1768.2216,847.9794286,734.035,877.06972,962.4485555,23,1,0,0,0
25-02-2016,25.87,2016,2,3,37.776,2591.1,1602.38,492.836,264.46,699.0957143,729.6432857,819.3882,1000.440944,25,1,0,0,0
27-02-2016,1159.271,2016,2,5,25.87,79.36,160.43,2432.544,295.272,473.88,696.2885714,811.4352,938.7534312,27,1,1,0,0
28-02-2016,551.264,2016,2,6,1159.271,37.776,105.844,324.11,31.538,616.5715714,605.3405,840.2351667,958.8649328,28,1,1,0,0
01-03-2016,1642.1744,2016,3,1,551.264,25.87,316.78,129.092,364.07,680.203,621.5657857,857.5593667,933.7747294,1,1,0,1,0
02-03-2016,899.57,2016,3,2,1642.1744,1159.271,2591.1,785.552,1018.104,869.5450571,729.6431,900.1628467,980.9834578,2,1,0,0,0
05-03-2016,1969.267,2016,3,5,899.57,551.264,79.36,77.24,747.496,627.8979143,737.7872429,896.2117133,632.7674601,5,1,1,0,0
06-03-2016,1555.244,2016,3,6,1969.267,1642.1744,37.776,1079.962,622.278,897.8846286,872.9320286,936.9374133,751.719734,6,1,1,0,0
07-03-2016,807.54,2016,3,0,1555.244,899.57,25.87,1602.38,350.384,1114.665771,906.8807429,968.03628,677.4795684,7,1,0,0,0
08-03-2016,2563.296,2016,3,1,807.54,1969.267,1159.271,160.43,301.742,1226.332914,850.1064571,983.2748133,512.4182123,8,1,0,0,0
09-03-2016,478.008,2016,3,2,2563.296,1555.244,551.264,105.844,43.66,1426.907914,1021.739743,1058.659947,716.0999958,9,1,0,0,0
10-03-2016,90.932,2016,3,3,478.008,807.54,1642.1744,316.78,13.12,1416.442771,1048.322886,1073.138213,731.401323,10,1,0,0,0
12-03-2016,51.016,2016,3,5,90.932,2563.296,899.57,2591.1,182.72,1194.836714,1032.190886,1075.731947,872.9210252,12,1,1,0,0
13-03-2016,1384.856,2016,3,6,51.016,478.008,1969.267,79.36,3573.252,1073.614714,850.7563143,1071.341813,973.8434746,13,1,1,0,0
14-03-2016,707.9,2016,3,0,1384.856,90.932,1555.244,37.776,4297.644,990.1274286,944.0060286,998.39528,907.0202047,14,1,0,0,0
15-03-2016,16.776,2016,3,1,707.9,51.016,807.54,25.87,2161.64,869.0782857,991.8720286,878.7371467,875.0084979,15,1,0,0,0
16-03-2016,7230.21,2016,3,2,16.776,1384.856,2563.296,1159.271,99.26,756.112,991.2224571,807.24168,933.3757534,16,1,0,0,0
17-03-2016,48.84,2016,3,3,7230.21,707.9,478.008,551.264,492.836,1422.814,1424.860957,1044.940013,2606.521686,17,1,0,0,0
19-03-2016,5203.89,2016,3,5,48.84,16.776,90.932,1642.1744,2432.544,1361.504286,1388.973529,1030.140147,2637.314474,19,1,1,0,0
20-03-2016,102.52,2016,3,6,5203.89,7230.21,51.016,899.57,324.11,2091.926857,1643.381786,1122.518347,2919.689479,20,1,1,0,0
21-03-2016,1270.379,2016,3,0,102.52,48.84,1384.856,1969.267,129.092,2099.284571,1586.449643,1115.132013,2913.747972,21,1,0,0,0
22-03-2016,2481.424,2016,3,1,1270.379,5203.89,707.9,1555.244,785.552,2082.930714,1536.529071,1153.174913,2918.743097,22,1,0,0,0
23-03-2016,633.302,2016,3,2,2481.424,102.52,16.776,807.54,77.24,2336.291286,1602.684786,1209.70398,2855.786931,23,1,0,0,0
24-03-2016,412.95,2016,3,3,633.302,1270.379,7230.21,2563.296,1079.962,2424.366429,1590.239214,1228.23938,2780.852229,24,1,0,0,0
26-03-2016,131.16,2016,3,5,412.95,2481.424,48.84,478.008,1602.38,1450.472143,1436.643071,1206.005647,1857.830624,26,1,1,0,0
27-03-2016,83.7,2016,3,6,131.16,633.302,5203.89,90.932,160.43,1462.232143,1411.868214,1156.96498,1847.71262,27,1,1,0,0
28-03-2016,243.344,2016,3,0,83.7,412.95,102.52,51.016,105.844,730.7764286,1411.351643,1154.407313,879.3375028,28,1,0,0,0
29-03-2016,1559.08,2016,3,1,243.344,131.16,1270.379,1384.856,316.78,750.8941429,1425.089357,1158.990647,864.0464724,29,1,0,0,0
30-03-2016,571.224,2016,3,2,1559.08,83.7,2481.424,707.9,2591.1,792.1371429,1437.533929,1200.400647,899.1524533,30,1,0,0,0
31-03-2016,200.716,2016,3,3,571.224,243.344,633.302,16.776,79.36,519.2514286,1427.771357,1133.071447,504.0993695,31,1,0,0,1
02-04-2016,299.22,2016,4,5,200.716,1559.08,412.95,7230.21,37.776,457.4534286,1440.909929,1137.116647,514.2018706,2,2,1,0,0
04-04-2016,1484.598,2016,4,0,299.22,571.224,131.16,48.84,25.87,441.2062857,945.8392143,1145.831447,517.6277391,4,2,0,0,0
05-04-2016,2974.058,2016,4,1,1484.598,200.716,83.7,5203.89,1159.271,634.5545714,1048.393357,1194.455713,624.2974065,5,2,0,0,0
06-04-2016,140.004,2016,4,2,2974.058,299.22,243.344,102.52,551.264,1047.462857,889.1196429,1254.948613,1025.903364,6,2,0,0,0
07-04-2016,907.436,2016,4,3,140.004,1484.598,1559.08,1270.379,1642.1744,1032.7,891.7970714,1241.239947,1040.049288,7,2,0,0,0
09-04-2016,757.992,2016,4,5,907.436,2974.058,571.224,2481.424,899.57,939.608,865.8725714,1216.748667,1013.917111,9,2,1,0,0
10-04-2016,169.542,2016,4,6,757.992,140.004,200.716,633.302,1969.267,966.2891429,742.7702857,1212.0294,1005.025859,10,2,1,0,0
11-04-2016,1328.346,2016,4,0,169.542,907.436,299.22,412.95,1555.244,961.8357143,709.6445714,1152.038567,1009.044664,11,2,0,0,0
13-04-2016,3192.678,2016,4,2,1328.346,757.992,1484.598,131.16,807.54,1108.853714,775.03,1144.4753,970.6524406,13,2,0,0,0
14-04-2016,35.208,2016,4,3,3192.678,169.542,2974.058,83.7,2563.296,1352.865143,993.7098571,1223.9799,1254.1495,14,2,0,0,0
16-04-2016,4161.972,2016,4,5,35.208,1328.346,140.004,243.344,478.008,933.0294286,990.2461429,1139.7103,1103.89203,16,2,1,0,0
17-04-2016,2745.106,2016,4,6,4161.972,3192.678,907.436,1559.08,90.932,1507.596286,1270.148143,1262.5091,1570.443513,17,2,1,0,0
18-04-2016,2006.96,2016,4,0,2745.106,35.208,757.992,571.224,51.016,1770.120571,1354.864286,1350.981567,1606.578242,18,2,0,0,0
19-04-2016,329.96,2016,4,1,2006.96,4161.972,169.542,200.716,1384.856,1948.544571,1457.416857,1416.1797,1543.556753,19,2,0,0,0
20-04-2016,1194.726,2016,4,2,329.96,2745.106,1328.346,299.22,707.9,1971.461429,1466.648571,1381.0165,1513.643192,20,2,0,0,0
21-04-2016,893.09,2016,4,3,1194.726,2006.96,3192.678,1484.598,16.776,1952.372857,1530.613286,1397.244033,1523.912954,21,2,0,0,0
22-04-2016,152.916,2016,4,4,893.09,329.96,35.208,2974.058,7230.21,1623.860286,1488.362714,1426.4545,1458.432029,22,2,0,0,0
24-04-2016,25.99,2016,4,6,152.916,1194.726,4161.972,140.004,48.84,1640.675714,1286.852571,1190.5447,1437.59206,24,2,1,0,0
25-04-2016,920.946,2016,4,0,25.99,893.09,2745.106,907.436,5203.89,1049.821143,1278.708714,1189.783033,1017.065773,25,2,0,0,0
26-04-2016,2090.1055,2016,4,1,920.946,152.916,2006.96,757.992,102.52,789.2268571,1279.673714,1047.018233,692.0728647,26,2,0,0,0
27-04-2016,2719.59,2016,4,2,2090.1055,25.99,329.96,169.542,1270.379,801.1047857,1374.824679,1113.271083,716.7301608,27,2,0,0,0
28-04-2016,4044.362,2016,4,3,2719.59,920.946,1194.726,1328.346,2481.424,1142.4805,1556.970964,1161.578117,976.8196012,28,2,0,0,0
29-04-2016,7.968,2016,4,4,4044.362,2090.1055,893.09,3192.678,633.302,1549.571357,1750.972107,1213.67605,1471.007879,29,2,0,0,0
30-04-2016,1571.695,2016,4,5,7.968,2719.59,152.916,35.208,412.95,1423.125357,1523.492821,1192.831583,1571.455699,30,2,1,0,1
01-05-2016,450.94,2016,5,6,1571.695,4044.362,25.99,4161.972,131.16,1625.808071,1633.241893,1231.456417,1468.441194,1,2,1,1,0
02-05-2016,167.232,2016,5,0,450.94,7.968,920.946,2745.106,83.7,1686.515214,1368.168179,1242.11575,1398.392938,2,2,0,0,0
03-05-2016,2198.76,2016,5,1,167.232,1571.695,2090.1055,2006.96,243.344,1578.841786,1184.034321,1244.90015,1492.982873,3,2,0,0,0
04-05-2016,1121.362,2016,5,2,2198.76,450.94,2719.59,329.96,1559.08,1594.363857,1197.734321,1310.080683,1499.733788,4,2,0,0,0
07-05-2016,305.622,2016,5,5,1121.362,167.232,4044.362,1194.726,571.224,1366.045571,1254.263036,1295.490083,1419.383717,7,2,1,0,0
08-05-2016,3981.968,2016,5,6,305.622,2198.76,7.968,893.09,200.716,831.9398571,1190.755607,1286.636683,820.7859735,8,2,1,0,0
09-05-2016,48.81,2016,5,0,3981.968,1121.362,1571.695,152.916,299.22,1399.654143,1411.38975,1412.678417,1355.838535,9,2,0,0,0
10-05-2016,154.442,2016,5,1,48.81,305.622,450.94,25.99,1484.598,1182.099143,1403.953607,1404.331417,1443.009551,10,2,0,0,0
11-05-2016,191.968,2016,5,2,154.442,3981.968,167.232,920.946,2974.058,1139.742286,1413.12875,1359.992883,1472.106551,11,2,0,0,0
12-05-2016,1060.35,2016,5,3,191.968,48.81,2198.76,2090.1055,140.004,1143.276,1361.058893,1267.25655,1469.410234,12,2,0,0,0
13-05-2016,238.384,2016,5,4,1060.35,154.442,1121.362,2719.59,907.436,980.646,1287.504929,1297.93475,1394.19566,13,2,0,0,0
14-05-2016,3141.1995,2016,5,5,238.384,191.968,305.622,4044.362,757.992,854.5062857,1110.275929,1275.633017,1419.064394,14,2,1,0,0
15-05-2016,69.908,2016,5,6,3141.1995,1060.35,3981.968,7.968,169.542,1259.588786,1045.764321,1355.073267,1625.910596,15,2,1,0,0
16-05-2016,255.968,2016,5,0,69.908,238.384,48.81,1571.695,1328.346,700.7230714,1050.188607,1351.752133,1131.310979,16,2,0,0,0
17-05-2016,47.368,2016,5,1,255.968,3141.1995,154.442,450.94,3192.678,730.3170714,956.2081071,1316.0062,1113.992293,17,2,0,0,0
18-05-2016,10.86,2016,5,2,47.368,69.908,191.968,167.232,35.208,715.0207857,927.3815357,1211.162533,1123.908542,18,2,0,0,0
20-05-2016,169.544,2016,5,4,10.86,255.968,1060.35,2198.76,4161.972,689.1482143,916.2121071,1210.350933,1139.926528,20,2,0,0,0
21-05-2016,72.332,2016,5,5,169.544,47.368,238.384,1121.362,2745.106,561.8902143,771.2681071,1077.27,1141.302656,21,2,1,0,0
22-05-2016,3862.098,2016,5,6,72.332,10.86,3141.1995,305.622,2006.96,538.1685,696.3373929,988.1775333,1150.83321,22,2,1,0,0
23-05-2016,1304.956,2016,5,0,3862.098,169.544,69.908,3981.968,329.96,641.154,950.3713929,1050.015467,1422.731955,23,2,0,0,0
24-05-2016,610.307,2016,5,1,1304.956,72.332,255.968,48.81,1194.726,817.5894286,759.15625,1082.515333,1416.651108,24,2,0,0,0
25-05-2016,1739.418,2016,5,2,610.307,3862.098,47.368,154.442,893.09,868.2092857,799.2631786,1063.0347,1399.464955,25,2,0,0,0
26-05-2016,982.564,2016,5,3,1739.418,1304.956,10.86,191.968,152.916,1109.930714,912.47575,1091.245633,1380.050267,26,2,0,0,0
28-05-2016,794.146,2016,5,5,982.564,610.307,169.544,1060.35,25.99,1248.745571,968.9468929,1118.900567,1297.472628,28,2,1,0,0
29-05-2016,1119.786,2016,5,6,794.146,1739.418,72.332,238.384,920.946,1337.974429,949.9323214,1144.505767,1230.640994,29,2,1,0,0
30-05-2016,681.1,2016,5,0,1119.786,982.564,3862.098,3141.1995,2090.1055,1487.610714,1012.889607,1151.133767,1108.744173,30,2,0,0,0
31-05-2016,5178.138,2016,5,1,681.1,794.146,1304.956,69.908,2719.59,1033.182429,837.1682143,1104.166917,396.3617958,31,2,0,0,1
01-06-2016,834.198,2016,6,2,5178.138,1119.786,610.307,255.968,4044.362,1586.494143,1202.041786,1186.118517,1628.206318,1,2,0,1,0
04-06-2016,1192.31,2016,6,5,834.198,681.1,1739.418,47.368,7.968,1618.478571,1243.343929,1079.11305,1607.90661,4,2,1,0,0
05-06-2016,1533.198,2016,6,6,1192.31,5178.138,982.564,10.86,1571.695,1540.320286,1325.1255,1118.591117,1614.332385,5,2,1,0,0
07-06-2016,59.768,2016,6,1,1533.198,834.198,794.146,169.544,450.94,1618.982286,1433.863929,1117.307883,1595.935408,7,2,0,0,0
08-06-2016,145.504,2016,6,2,59.768,1192.31,1119.786,72.332,167.232,1514.071143,1426.022786,1104.268817,1681.06161,8,2,0,0,0
09-06-2016,797.116,2016,6,3,145.504,1533.198,681.1,3862.098,2198.76,1374.888,1431.249357,1103.54455,1757.731514,9,2,0,0,0
11-06-2016,3373.564,2016,6,5,797.116,59.768,5178.138,1304.956,1121.362,1391.461714,1212.322071,1056.823083,1750.632092,11,2,1,0,0
12-06-2016,174.476,2016,6,6,3373.564,145.504,834.198,610.307,305.622,1133.665429,1360.079786,1131.896483,1118.9933,12,2,1,0,0
13-06-2016,1128.898,2016,6,0,174.476,797.116,1192.31,1739.418,3981.968,1039.419429,1328.949,1127.52495,1174.809452,13,2,0,0,0
14-06-2016,51.072,2016,6,1,1128.898,3373.564,1533.198,982.564,48.81,1030.360571,1285.340429,1032.422617,1173.677975,14,2,0,0,0
15-06-2016,734.144,2016,6,2,51.072,174.476,59.768,794.146,154.442,818.6282857,1218.805286,1032.498017,1201.212348,15,2,0,0,0
16-06-2016,3443.904,2016,6,3,734.144,1128.898,145.504,1119.786,191.968,914.9677143,1214.519429,1051.821417,1156.414451,16,2,0,0,0
18-06-2016,1883.087,2016,6,5,3443.904,51.072,797.116,681.1,1060.35,1386.167714,1380.527857,1160.219283,1430.21004,18,2,1,0,0
19-06-2016,446.346,2016,6,6,1883.087,734.144,3373.564,5178.138,238.384,1541.306429,1466.384071,1187.64385,1414.477245,19,2,1,0,0
20-06-2016,829.544,2016,6,0,446.346,3443.904,174.476,834.198,3141.1995,1123.132429,1128.398929,1194.575917,1198.760424,20,2,0,0,0
21-06-2016,107.976,2016,6,1,829.544,1883.087,1128.898,1192.31,69.908,1216.713571,1128.0665,1117.520733,1136.302664,21,2,0,0,0
22-06-2016,2018.953,2016,6,2,107.976,446.346,51.072,1533.198,255.968,1070.867571,1050.614071,1118.789667,1212.421303,22,2,0,0,0
23-06-2016,836.958,2016,6,3,2018.953,829.544,734.144,59.768,47.368,1351.993429,1085.310857,1177.555833,1163.719127,23,2,0,0,0
25-06-2016,857.08,2016,6,5,836.958,107.976,3443.904,145.504,10.86,1366.681143,1140.824429,1203.8755,1155.239276,25,2,1,0,0
26-06-2016,1592.196,2016,6,6,857.08,2018.953,1883.087,797.116,169.544,997.1348571,1191.651286,1232.082833,706.6769699,26,2,1,0,0
28-06-2016,1126.156,2016,6,1,1592.196,836.958,446.346,3373.564,72.332,955.579,1248.442714,1279.504567,652.3614001,28,2,0,0,0
29-06-2016,432.926,2016,6,2,1126.156,857.08,829.544,174.476,3862.098,1052.694714,1087.913571,1314.632033,613.3528633,29,2,0,0,0
02-07-2016,1631.902,2016,7,5,432.926,1592.196,107.976,1128.898,1304.956,996.035,1106.374286,1200.3263,654.3514811,2,3,1,0,0
03-07-2016,823.982,2016,7,6,1631.902,1126.156,2018.953,51.072,610.307,1213.738714,1142.303143,1211.2245,555.7230828,3,3,1,0,0
04-07-2016,1138.288,2016,7,0,823.982,432.926,836.958,734.144,1739.418,1043.028571,1197.511,1218.347,438.2760638,4,3,0,0,0
05-07-2016,121.646,2016,7,1,1138.288,1631.902,857.08,3443.904,982.564,1086.075714,1226.378429,1198.309333,429.3703396,5,3,0,0,0
06-07-2016,1379.812,2016,7,2,121.646,823.982,1592.196,1883.087,794.146,981.0137143,989.0742857,1169.612067,563.7039414,6,3,0,0,0
08-07-2016,21.12,2016,7,4,1379.812,1138.288,1126.156,446.346,1119.786,950.6731429,953.1260714,1189.134267,530.0354132,8,3,0,0,0
09-07-2016,1587.114,2016,7,5,21.12,121.646,432.926,829.544,681.1,792.8108571,922.7527857,1152.512067,625.0941981,9,3,1,0,0
10-07-2016,43.286,2016,7,6,1587.114,1379.812,1631.902,107.976,5178.138,957.6948571,976.8649286,1182.712533,665.2756042,10,3,1,0,0
11-07-2016,1941.952,2016,7,0,43.286,21.12,823.982,2018.953,834.198,730.7497143,972.2442143,1011.5508,667.9083493,11,3,0,0,0
12-07-2016,2052.567,2016,7,1,1941.952,1587.114,1138.288,836.958,1192.31,890.4597143,966.7441429,1048.475933,812.0321328,12,3,0,0,0
13-07-2016,2033.256,2016,7,2,2052.567,43.286,121.646,857.08,1533.198,1021.071,1053.573357,1077.151167,924.3048231,13,3,0,0,0
14-07-2016,860.916,2016,7,3,2033.256,1941.952,1379.812,1592.196,59.768,1294.158143,1137.585929,1093.819767,896.2471262,14,3,0,0,0
16-07-2016,3029.386,2016,7,5,860.916,2052.567,21.12,1126.156,145.504,1220.030143,1085.351643,1120.5247,909.3450862,16,3,1,0,0
17-07-2016,448.082,2016,7,6,3029.386,2033.256,1587.114,432.926,797.116,1649.782429,1221.296643,1216.6541,957.8643617,17,3,1,0,0
18-07-2016,525.72,2016,7,0,448.082,860.916,43.286,1631.902,3373.564,1487.063571,1222.379214,1205.019633,1061.432948,18,3,0,0,0
19-07-2016,2.025,2016,7,1,525.72,3029.386,1941.952,823.982,174.476,1555.982714,1143.366214,1110.0915,963.1786148,19,3,0,0,0
20-07-2016,2693.168,2016,7,2,2.025,448.082,2052.567,1138.288,1128.898,1278.850286,1084.655,1104.343133,1102.608564,20,3,0,0,0
23-07-2016,208.272,2016,7,5,2693.168,525.72,2033.256,121.646,51.072,1370.364714,1195.717857,1156.485467,1199.82684,23,3,1,0,0
24-07-2016,525.95,2016,7,6,208.272,2.025,860.916,1379.812,734.144,1109.652714,1201.905429,1161.725467,1229.684653,24,3,1,0,0
25-07-2016,2395.024,2016,7,0,525.95,2693.168,3029.386,21.12,3443.904,1061.800429,1140.915286,1154.785667,1247.367634,25,3,0,0,0
26-07-2016,958.857,2016,7,1,2395.024,208.272,448.082,1587.114,1883.087,971.1772857,1310.479857,1119.823,1094.239486,26,3,0,0,0
27-07-2016,29.97,2016,7,2,958.857,525.95,525.72,43.286,446.346,1044.145143,1265.604357,1089.015333,1070.312515,27,3,0,0,0
30-07-2016,443.802,2016,7,5,29.97,2395.024,2.025,1941.952,829.544,973.3237143,1264.653214,1075.136133,1125.321446,30,3,1,0,0
31-07-2016,3712.162,2016,7,6,443.802,958.857,2693.168,2052.567,107.976,1036.434714,1157.6425,1062.278067,1072.938427,31,3,1,0,1
01-08-2016,1011.696,2016,8,0,3712.162,29.97,208.272,2033.256,2018.953,1182.005286,1276.185,1182.4176,1364.648734,1,3,0,1,0
02-08-2016,1290.478,2016,8,1,1011.696,443.802,525.95,860.916,836.958,1296.780143,1203.216429,1148.842367,1301.424403,2,3,0,0,0
05-08-2016,72.65,2016,8,4,1290.478,3712.162,2395.024,3029.386,857.08,1405.998429,1233.899429,1163.9597,1257.284974,5,3,0,0,0
06-08-2016,494.8692,2016,8,5,72.65,1011.696,958.857,448.082,1592.196,1074.230714,1022.704,1137.812033,1259.216077,6,3,1,0,0
07-08-2016,968.206,2016,8,6,494.8692,1290.478,29.97,525.72,1126.156,1007.946743,1026.045943,1101.234473,1278.367741,7,3,1,0,0
08-08-2016,760.112,2016,8,0,968.206,72.65,443.802,2.025,432.926,1141.980457,1057.652086,1095.969473,1205.869676,8,3,0,0,0
09-08-2016,4878.392,2016,8,1,760.112,494.8692,3712.162,2693.168,1631.902,1187.1676,1111.801157,1106.875673,1181.017024,9,3,0,0,0
10-08-2016,851.474,2016,8,2,4878.392,968.206,1011.696,208.272,823.982,1353.771886,1267.888586,1215.092007,1603.332425,10,3,0,0,0
11-08-2016,196.112,2016,8,3,851.474,760.112,1290.478,525.95,1138.288,1330.883029,1313.831586,1216.008407,1610.158851,11,3,0,0,0
13-08-2016,586.896,2016,8,5,196.112,4878.392,72.65,2395.024,121.646,1174.545029,1290.271729,1184.60254,1666.865866,13,3,1,0,0
15-08-2016,497.59,2016,8,0,586.896,851.474,494.8692,958.857,1379.812,1248.008743,1161.119729,1200.110873,1620.9067,15,3,0,0,0
16-08-2016,3378.932,2016,8,1,497.59,196.112,968.206,29.97,21.12,1248.397429,1128.172086,1170.703473,1620.696314,16,3,0,0,0
17-08-2016,381.64,2016,8,2,3378.932,586.896,760.112,443.802,1587.114,1592.786857,1367.383657,1282.63054,1797.701358,17,3,0,0,0
21-08-2016,2827.52,2016,8,6,381.64,497.59,4878.392,3712.162,43.286,1538.719429,1362.943514,1242.448073,1832.277604,21,3,1,0,0
22-08-2016,66.632,2016,8,0,2827.52,3378.932,851.474,1011.696,1941.952,1245.737714,1299.7548,1335.255873,1294.229072,22,3,0,0,0
23-08-2016,1202.278,2016,8,1,66.632,381.64,196.112,1290.478,2052.567,1133.617429,1232.250229,1272.745207,1366.078514,23,3,0,0,0
24-08-2016,7194.775,2016,8,2,1202.278,2827.52,586.896,72.65,2033.256,1277.355429,1225.950229,1244.40224,1302.446199,24,3,0,0,0
25-08-2016,178.526,2016,8,3,7194.775,66.632,497.59,494.8692,860.916,2221.338143,1734.673443,1416.452873,2532.442602,25,3,0,0,0
27-08-2016,639.974,2016,8,5,178.526,1202.278,3378.932,968.206,3029.386,2175.757571,1712.0775,1393.70654,2571.213199,27,3,1,0,0
28-08-2016,6491.293,2016,8,6,639.974,7194.775,381.64,760.112,448.082,1784.477857,1688.632357,1314.059473,2565.999729,28,3,1,0,0
29-08-2016,246.5,2016,8,0,6491.293,178.526,2827.52,4878.392,525.72,2657.285429,2098.002429,1515.49984,3009.975941,29,3,0,0,0
31-08-2016,2601.797,2016,8,2,246.5,639.974,66.632,851.474,2.025,2288.568286,1767.153,1506.192507,3140.885524,31,3,0,0,1
01-09-2016,2367.564,2016,9,3,2601.797,6491.293,1202.278,196.112,2693.168,2650.734714,1892.176071,1592.851573,2984.234434,1,3,0,1,0
03-09-2016,1874.898,2016,9,5,2367.564,246.5,7194.775,586.896,208.272,2817.204143,2047.279786,1581.998107,2921.817507,3,3,1,0,0
04-09-2016,1071.284,2016,9,6,1874.898,2601.797,178.526,497.59,525.95,2057.221714,2139.279929,1637.552307,2194.838888,4,3,1,0,0
05-09-2016,934.103,2016,9,0,1071.284,2367.564,639.974,3378.932,2395.024,2184.758571,2180.258071,1655.730107,2090.957616,5,3,0,0,0
06-09-2016,919.674,2016,9,1,934.103,1874.898,6491.293,381.64,958.857,2226.777,2005.627429,1607.03274,2057.427344,6,3,0,0,0
07-09-2016,2922.667,2016,9,2,919.674,1071.284,246.5,2827.52,29.97,1430.831429,2044.058429,1605.72664,864.6540478,7,3,0,0,0
08-09-2016,89.64,2016,9,3,2922.667,934.103,2601.797,66.632,443.802,1813.141,2050.854643,1702.149873,845.1398223,8,3,0,0,0
10-09-2016,1415.726,2016,9,5,89.64,919.674,2367.564,1202.278,3712.162,1454.261429,2052.498071,1690.344473,977.4527694,10,3,1,0,0
11-09-2016,1962.13,2016,9,6,1415.726,2922.667,1874.898,7194.775,1011.696,1318.284571,2067.744357,1613.796607,891.6668801,11,3,1,0,0
12-09-2016,707.824,2016,9,0,1962.13,89.64,1071.284,178.526,1290.478,1330.746286,1693.984,1645.47774,901.3000164,12,3,0,0,0
13-09-2016,2109.42,2016,9,1,707.824,1415.726,934.103,639.974,72.65,1278.823429,1731.791,1626.05594,928.7886315,13,3,0,0,0
14-09-2016,3262.42,2016,9,2,2109.42,1962.13,919.674,6491.293,494.8692,1446.725857,1836.751429,1693.948273,961.7353971,14,3,0,0,0
15-09-2016,2535.85,2016,9,3,3262.42,707.824,2922.667,246.5,968.206,1781.403857,1606.117643,1786.199967,1139.042424,15,3,0,0,0
16-09-2016,31.12,2016,9,4,2535.85,2109.42,89.64,2601.797,760.112,1726.144286,1769.642643,1838.454767,1082.423049,16,3,0,0,0
17-09-2016,11525.006,2016,9,5,31.12,3262.42,1415.726,2367.564,4878.392,1717.784286,1586.022857,1814.155033,1097.292863,17,3,1,0,0
18-09-2016,3924.32,2016,9,6,11525.006,2535.85,1962.13,1874.898,851.474,3161.967143,2240.125857,2035.708833,3845.235568,18,3,1,0,0
19-09-2016,500.38,2016,9,0,3924.32,31.12,707.824,1071.284,196.112,3442.28,2386.513143,2138.137033,3814.589647,19,3,0,0,0
20-09-2016,1836.052,2016,9,1,500.38,11525.006,2109.42,934.103,586.896,3412.645143,2345.734286,2148.2793,3840.094258,20,3,0,0,0
21-09-2016,6982.058,2016,9,2,1836.052,3924.32,3262.42,919.674,497.59,3373.592571,2410.159214,2189.917833,3856.909772,21,3,0,0,0
22-09-2016,1783.504,2016,9,3,6982.058,500.38,2535.85,2922.667,3378.932,3904.969429,2843.186643,2406.066767,4088.329972,22,3,0,0,0
24-09-2016,4180.614,2016,9,5,1783.504,1836.052,31.12,89.64,381.64,3797.491429,2761.817857,2352.885833,4139.88564,24,3,1,0,0
25-09-2016,3033.757,2016,9,6,4180.614,6982.058,11525.006,1415.726,2827.52,4390.276286,3054.030286,2479.5183,3793.270151,25,3,1,0,0
26-09-2016,3722.273,2016,9,0,3033.757,1783.504,3924.32,1962.13,66.632,3177.240714,3169.603929,2486.392867,2120.101414,26,3,0,0,0
27-09-2016,2382.958,2016,9,1,3722.273,4180.614,500.38,707.824,1202.278,3148.376857,3295.328429,2608.247567,2109.584514,27,3,0,0,0
28-09-2016,1058.364,2016,9,2,2382.958,3033.757,1836.052,2109.42,7194.775,3417.316571,3414.980857,2647.603567,1815.20245,28,3,0,0,0
01-10-2016,1158.414,2016,10,5,1058.364,3722.273,6982.058,3262.42,178.526,3306.218286,3339.905429,2443.056533,1947.118357,1,4,1,1,0
02-10-2016,1269.266,2016,10,6,1158.414,2382.958,1783.504,2535.85,639.974,2474.269143,3189.619286,2475.719467,1225.010843,2,4,1,0,0
03-10-2016,275.218,2016,10,0,1269.266,1058.364,4180.614,31.12,6491.293,2400.806571,3099.149,2496.695867,1287.180915,3,4,0,0,0
04-10-2016,505.58,2016,10,1,275.218,1158.414,3033.757,11525.006,246.5,1842.892857,3116.584571,2289.493367,1232.378902,4,4,0,0,0
05-10-2016,851.092,2016,10,2,505.58,1269.266,3722.273,3924.32,2601.797,1481.724714,2329.482714,2298.129367,1195.107933,5,4,0,0,0
08-10-2016,222.12,2016,10,5,851.092,275.218,2382.958,500.38,2367.564,1071.556,2109.966429,2239.772533,679.4201215,8,4,1,0,0
09-10-2016,2133.535,2016,10,6,222.12,505.58,1058.364,1836.052,1874.898,762.8648571,2090.090714,2168.257733,429.0308788,9,4,1,0,0
10-10-2016,1855.008,2016,10,0,2133.535,851.092,1158.414,6982.058,1071.284,916.4607143,2111.3395,2176.878967,674.620888,10,4,0,0,0
11-10-2016,1011.8955,2016,10,1,1855.008,222.12,1269.266,1783.504,934.103,1015.974143,1745.121643,2203.0031,761.9808848,11,4,0,0,0
12-10-2016,2390.758,2016,10,2,1011.8955,2133.535,275.218,4180.614,919.674,979.2069286,1690.00675,2205.596183,753.8883966,12,4,0,0,0
13-10-2016,371.66,2016,10,3,2390.758,1855.008,505.58,3033.757,2922.667,1281.426929,1562.159893,2254.632317,843.3666467,13,4,0,0,0
15-10-2016,3219.554,2016,10,5,371.66,1011.8955,851.092,3722.273,89.64,1262.2955,1372.010107,2169.59875,865.1376703,15,4,1,0,0
16-10-2016,824.97,2016,10,6,3219.554,2390.758,222.12,2382.958,1415.726,1600.647214,1336.101607,2273.929217,1106.885907,16,4,1,0,0
17-10-2016,77.88,2016,10,0,824.97,371.66,2133.535,1058.364,1962.13,1686.768643,1224.81675,2254.23735,1000.049834,17,4,0,0,0
18-10-2016,378.494,2016,10,1,77.88,3219.554,1855.008,1158.414,707.824,1393.103643,1154.782179,2191.429017,1139.140509,18,4,0,0,0
19-10-2016,2135.09,2016,10,2,378.494,824.97,1011.8955,1269.266,2109.42,1182.173071,1099.073607,2180.45135,1175.477331,19,4,0,0,0
20-10-2016,720.086,2016,10,3,2135.09,77.88,2390.758,275.218,3262.42,1342.629429,1160.918179,2181.307017,1224.017583,20,4,0,0,0
22-10-2016,15.128,2016,10,5,720.086,378.494,371.66,505.58,2535.85,1103.962,1192.694464,2096.56255,1145.97601,22,4,1,0,0
23-10-2016,2262.296,2016,10,6,15.128,2135.09,3219.554,851.092,31.12,1053.028857,1157.662179,2012.538483,1190.98699,23,4,1,0,0
24-10-2016,831.145,2016,10,0,2262.296,720.086,824.97,222.12,11525.006,916.2777143,1258.462464,2086.911017,926.308962,24,4,0,0,0
25-10-2016,1425.412,2016,10,1,831.145,15.128,77.88,2133.535,3924.32,917.1598571,1301.96425,1730.448983,926.2104505,25,4,0,0,0
26-10-2016,1395.333,2016,10,2,1425.412,2262.296,378.494,1855.008,500.38,1109.664429,1251.384036,1647.15205,860.398966,26,4,0,0,0
28-10-2016,104.51,2016,10,4,1395.333,831.145,2135.09,1011.8955,1836.052,1254.927143,1218.550107,1676.983817,800.1047669,28,4,0,0,0
29-10-2016,244.24,2016,10,5,104.51,1425.412,720.086,2390.758,6982.058,964.8442857,1153.736857,1619.26575,795.9001536,29,4,1,0,0
30-10-2016,2122.044,2016,10,6,244.24,1395.333,15.128,371.66,1783.504,896.8662857,1000.414143,1394.671817,839.4203542,30,4,1,0,0
31-10-2016,3211.009,2016,10,0,2122.044,104.51,2262.296,3219.554,4180.614,1197.854286,1125.441571,1405.956483,848.2531835,31,4,0,0,1
01-11-2016,3106.106,2016,11,1,3211.009,244.24,831.145,824.97,3033.757,1333.384714,1124.831214,1373.636317,1088.452804,1,4,0,1,0
02-11-2016,5528.551,2016,11,2,3106.106,2122.044,1425.412,77.88,3722.273,1658.379143,1287.7695,1376.04795,1242.264291,2,4,0,0,0
03-11-2016,2800.846,2016,11,3,5528.551,3211.009,1395.333,378.494,2382.958,2244.541857,1677.103143,1436.257217,1905.175969,3,4,0,0,0
05-11-2016,834.874,2016,11,5,2800.846,3106.106,104.51,2135.09,1058.364,2445.329429,1850.128286,1450.186817,1874.579149,5,4,1,0,0
06-11-2016,11.481,2016,11,6,834.874,5528.551,244.24,720.086,1158.414,2549.667143,1757.255714,1442.73715,1737.92062,6,4,1,0,0
07-11-2016,2357.873,2016,11,0,11.481,2800.846,2122.044,15.128,1269.266,2516.415857,1706.641071,1404.50605,1790.803523,7,4,0,0,0
08-11-2016,7792.097,2016,11,1,2357.873,834.874,3211.009,2262.296,275.218,2550.105714,1873.98,1440.79295,1784.354466,8,4,0,0,0
09-11-2016,4620.292,2016,11,2,7792.097,11.481,3106.106,831.145,505.58,3204.546857,2268.965786,1691.355583,2681.639803,9,4,0,0,0
10-11-2016,3536.904,2016,11,3,4620.292,2357.873,5528.551,1425.412,851.092,3420.859143,2539.619143,1828.51265,2732.955021,10,4,0,0,0
11-11-2016,542.178,2016,11,4,3536.904,7792.097,2800.846,1395.333,222.12,3136.338143,2690.44,1918.039717,2576.130655,11,4,0,0,0
12-11-2016,1127.992,2016,11,5,542.178,4620.292,834.874,104.51,2133.535,2813.671286,2629.500357,1928.708317,2760.042556,12,4,1,0,0
13-11-2016,2867.9132,2016,11,6,1127.992,3536.904,11.481,244.24,1855.008,2855.545286,2702.606214,1895.190217,2727.043925,13,4,1,0,0
14-11-2016,2512.71,2016,11,0,2867.9132,542.178,2357.873,2122.044,1011.8955,3263.607029,2890.011443,1928.953723,2427.840673,14,4,0,0,0
15-11-2016,702.17,2016,11,1,2512.71,1127.992,7792.097,3211.009,2390.758,3285.7266,2917.916157,1978.980873,2418.902275,15,4,0,0,0
16-11-2016,4072.334,2016,11,2,702.17,2867.9132,4620.292,3106.106,371.66,2272.879886,2738.713371,1922.694607,1543.422094,16,4,0,0,0
17-11-2016,3885.986,2016,11,3,4072.334,2512.71,3536.904,5528.551,3219.554,2194.600171,2807.729657,2046.050407,1412.899385,17,4,0,0,0
19-11-2016,1040.784,2016,11,5,3885.986,702.17,542.178,2800.846,824.97,2244.469029,2690.403586,2068.264807,1473.052736,19,4,1,0,0
20-11-2016,2861.15,2016,11,6,1040.784,4072.334,1127.992,834.874,77.88,2315.698457,2564.684871,2075.458607,1386.533667,20,4,1,0,0
21-11-2016,3613.5748,2016,11,0,2861.15,3885.986,2867.9132,11.481,378.494,2563.292457,2709.418871,2168.234273,1290.517008,21,4,0,0,0
22-11-2016,614.499,2016,11,1,3613.5748,1040.784,2512.71,2357.873,2135.09,2669.815543,2966.711286,2276.0703,1349.288326,22,4,0,0,0
23-11-2016,3450.188,2016,11,2,614.499,2861.15,702.17,7792.097,720.086,2398.642543,2842.184571,2225.383933,1560.361832,23,4,0,0,0
24-11-2016,1218.764,2016,11,3,3450.188,3613.5748,4072.334,4620.292,15.128,2791.216543,2532.048214,2316.387333,1399.839433,24,4,0,0,0
25-11-2016,13.12,2016,11,4,1218.764,614.499,3885.986,3536.904,2262.296,2383.563686,2289.081929,2356.508533,1379.938508,25,4,0,0,0
26-11-2016,1484.082,2016,11,5,13.12,3450.188,1040.784,542.178,831.145,1830.297114,2037.383071,2281.536,1451.687804,26,4,1,0,0
27-11-2016,3109.7835,2016,11,6,1484.082,1218.764,2861.15,1127.992,1425.412,1893.6254,2104.661929,2303.300567,1420.847489,27,4,1,0,0
28-11-2016,1864.482,2016,11,0,3109.7835,13.12,3613.5748,2867.9132,1395.333,1929.144471,2246.218464,2359.446283,1451.835102,28,4,0,0,0
29-11-2016,2760.168,2016,11,1,1864.482,1484.082,614.499,2512.71,104.51,1679.274071,2174.544807,2375.084583,1250.118672,29,4,0,0,0
30-11-2016,1798.397,2016,11,2,2760.168,3109.7835,3450.188,702.17,244.24,1985.798214,2192.220379,2463.606517,1207.867718,30,4,0,0,1
01-12-2016,7130.594,2016,12,3,1798.397,1864.482,1218.764,4072.334,2122.044,1749.828071,2270.522307,2515.41175,1020.994201,1,4,0,1,0
03-12-2016,1972.645,2016,12,5,7130.594,2760.168,13.12,3885.986,3211.009,2594.375214,2488.96945,2682.363417,2233.546087,3,4,1,0,0
04-12-2016,5185.814,2016,12,6,1972.645,1798.397,1484.082,1040.784,3106.106,2874.307357,2352.302236,2641.084617,1962.46039,4,4,1,0,0
05-12-2016,897.322,2016,12,0,5185.814,7130.594,3109.7835,2861.15,5528.551,3403.126214,2648.375807,2710.408217,2023.210955,5,4,0,0,0
06-12-2016,6061.502,2016,12,1,897.322,1972.645,1864.482,3613.5748,2800.846,3087.060286,2508.102379,2556.033917,2238.08015,6,4,0,0,0
07-12-2016,1338.298,2016,12,2,6061.502,5185.814,2760.168,614.499,834.874,3686.634571,2682.954321,2664.72245,2411.437922,7,4,0,0,0
08-12-2016,2672.728,2016,12,3,1338.298,897.322,1798.397,3450.188,11.481,3483.510286,2734.65425,2681.50325,2557.919895,8,4,0,0,0
09-12-2016,34.02,2016,12,4,2672.728,6061.502,7130.594,1218.764,2357.873,3608.414714,2679.121393,2770.211483,2482.145525,9,4,0,0,0
10-12-2016,3080.38,2016,12,5,34.02,1338.298,1972.645,13.12,7792.097,2594.618429,2594.496821,2692.749717,2241.366724,10,4,1,0,0
11-12-2016,1590.894,2016,12,6,3080.38,2672.728,5185.814,1484.082,4620.292,2752.866286,2813.586821,2535.692483,2229.206339,11,4,1,0,0
12-12-2016,1448.854,2016,12,0,1590.894,34.02,897.322,3109.7835,3536.904,2239.306286,2821.21625,2434.71255,1974.879883,12,4,0,0,0
13-12-2016,1023.386,2016,12,1,1448.854,3080.38,6061.502,1864.482,542.178,2318.096571,2702.578429,2365.110883,1922.729871,13,4,0,0,0
14-12-2016,488.744,2016,12,2,1023.386,1590.894,1338.298,2760.168,1127.992,1598.365714,2642.500143,2381.15115,1018.040982,14,4,0,0,0
15-12-2016,5494.796,2016,12,3,488.744,1448.854,2672.728,1798.397,2867.9132,1477.000857,2480.255571,2359.842883,1101.435713,15,4,0,0,0
16-12-2016,4.98,2016,12,4,5494.796,1023.386,34.02,7130.594,2512.71,1880.153429,2744.284071,2447.405643,1864.320887,16,4,0,0,0
17-12-2016,1918.492,2016,12,5,4.98,488.744,3080.38,1972.645,702.17,1876.004857,2235.311643,2363.814643,1869.139753,17,4,1,0,0
18-12-2016,935.288,2016,12,6,1918.492,5494.796,1590.894,5185.814,4072.334,1710.020857,2231.443571,2404.35871,1794.46052,18,4,1,0,0
19-12-2016,6120.656,2016,12,0,935.288,4.98,1448.854,897.322,3885.986,1616.362857,1927.834571,2299.79051,1818.660148,19,4,0,0,0
20-12-2016,1107.464,2016,12,1,6120.656,1918.492,1023.386,6061.502,1040.784,2283.763143,2300.929857,2374.27951,2482.867425,20,4,0,0,0
21-12-2016,3257.76,2016,12,2,1107.464,935.288,488.744,1338.298,2861.15,2295.774286,1947.07,2376.502177,2475.947736,21,4,0,0,0
22-12-2016,473.313,2016,12,3,3257.76,6120.656,5494.796,2672.728,3613.5748,2691.348,2084.174429,2389.72251,2357.492003,22,4,0,0,0
23-12-2016,194.32,2016,12,4,473.313,1107.464,4.98,34.02,614.499,1973.993286,1927.073357,2285.047117,2113.637676,23,4,0,0,0
24-12-2016,7484.566,2016,12,5,194.32,3257.76,1918.492,3080.38,3450.188,2001.041857,1938.523357,2271.04115,2085.261281,24,4,1,0,0
25-12-2016,4204.968,2016,12,6,7484.566,473.313,935.288,1590.894,1218.764,2796.195286,2253.108071,2405.520417,2936.1604,25,4,1,0,0
26-12-2016,561.486,2016,12,0,4204.968,194.32,6120.656,1448.854,13.12,3263.292429,2439.827643,2505.06055,2849.579905,26,4,0,0,0
27-12-2016,5148.4472,2016,12,1,561.486,7484.566,1107.464,1023.386,1484.082,2469.125286,2376.444214,2523.339417,2690.754388,27,4,0,0,0
28-12-2016,79.2,2016,12,2,5148.4472,4204.968,3257.76,488.744,3109.7835,3046.4086,2671.091443,2645.484923,2781.870095,28,4,0,0,0
30-12-2016,3251.34,2016,12,4,79.2,561.486,473.313,5494.796,1864.482,2592.3286,2641.8383,2544.465473,2993.023674,30,4,0,0,0
31-12-2016,1381.344,2016,12,5,3251.34,5148.4472,194.32,4.98,2760.168,2989.1896,2481.591443,2590.694073,2845.778237,31,4,1,0,1
02-01-2017,405.92,2017,1,0,1381.344,79.2,7484.566,1918.492,1798.397,3158.764457,2579.903157,2544.733273,2682.1417,2,1,0,0,0
03-01-2017,2095.83,2017,1,1,405.92,3251.34,4204.968,935.288,7130.594,2147.529314,2471.8623,2498.317373,2035.956885,3,1,0,0,0
04-01-2017,1069.22,2017,1,2,2095.83,1381.344,561.486,6120.656,1972.645,1846.223886,2554.758157,2330.491907,1825.963068,4,1,0,0,0
05-01-2017,255.904,2017,1,3,1069.22,405.92,5148.4472,1107.464,5185.814,1918.757314,2193.9413,2300.37774,1775.819186,5,1,0,0,0
07-01-2017,83.576,2017,1,5,255.904,2095.83,79.2,3257.76,897.322,1219.822571,2133.115586,2136.047407,1142.790345,7,1,1,0,0
08-01-2017,1859.158,2017,1,6,83.576,1069.22,3251.34,473.313,6061.502,1220.447714,1906.388157,2108.92254,1142.063361,8,1,1,0,0
09-01-2017,743.046,2017,1,0,1859.158,255.904,1381.344,194.32,1338.298,1021.564571,2005.377086,1968.844407,799.2077482,9,1,0,0,0
10-01-2017,174.75,2017,1,1,743.046,83.576,405.92,7484.566,2672.728,930.3791429,2044.5718,1949.002673,787.6469206,10,1,0,0,0
11-01-2017,149.444,2017,1,2,174.75,1859.158,2095.83,4204.968,34.02,897.3548571,1522.442086,1865.73674,817.5787235,11,1,0,0,0
14-01-2017,405.344,2017,1,5,149.444,743.046,1069.22,561.486,3080.38,619.2997143,1232.7618,1869.584207,657.3222395,14,1,1,0,0
15-01-2017,701.923,2017,1,6,405.344,174.75,255.904,5148.4472,1590.894,524.4602857,1221.6088,1780.41634,628.8643631,15,1,1,0,0
16-01-2017,102.218,2017,1,0,701.923,149.444,83.576,79.2,1448.854,588.1772857,903.9999286,1750.783973,619.6469246,16,1,0,0,0
17-01-2017,1040.55,2017,1,1,102.218,405.344,1859.158,3251.34,1023.386,590.8404286,905.6440714,1705.896107,617.1518169,17,1,0,0,0
21-01-2017,1167.056,2017,1,5,1040.55,701.923,743.046,1381.344,488.744,473.8964286,747.7305,1706.46824,361.2792394,21,1,1,0,0
22-01-2017,917.63,2017,1,6,1167.056,102.218,174.75,405.92,5494.796,534.4692857,732.4242143,1729.07864,440.7344884,22,1,1,0,0
23-01-2017,59.99,2017,1,0,917.63,1040.55,149.444,2095.83,4.98,640.595,768.9749286,1576.50644,428.9632528,23,1,0,0,0
24-01-2017,31.36,2017,1,1,59.99,1167.056,405.344,1069.22,1918.492,627.8158571,623.5577857,1578.340107,446.9874251,24,1,0,0,0
25-01-2017,858.712,2017,1,2,31.36,917.63,701.923,255.904,935.288,574.3895714,549.4249286,1515.435707,497.5057513,25,1,0,0,0
28-01-2017,39.68,2017,1,5,858.712,59.99,102.218,83.576,6120.656,596.788,592.4826429,1512.883173,507.6308495,28,1,1,0,0
30-01-2017,3107.316,2017,1,0,39.68,31.36,1040.55,1859.158,1107.464,587.854,589.3472143,1310.183973,518.2254336,30,1,0,0,0
31-01-2017,1601.554,2017,1,1,3107.316,858.712,1167.056,743.046,3257.76,883.1062857,678.5013571,1376.845707,1091.167824,31,1,0,0,1
01-02-2017,161.97,2017,2,2,1601.554,39.68,917.63,174.75,473.313,945.1774286,739.8233571,1321.63884,1121.936808,1,1,0,1,0
02-02-2017,8996.784,2017,2,3,161.97,3107.316,59.99,149.444,194.32,837.226,738.9105,1311.26074,1160.713405,2,1,0,0,0
03-02-2017,866.4,2017,2,4,8996.784,1601.554,31.36,405.344,7484.566,2113.910857,1370.863357,1604.676207,3231.314362,3,1,0,0,0
04-02-2017,197.868,2017,2,5,866.4,161.97,858.712,701.923,4204.968,2233.202286,1403.795929,1384.070673,3156.158192,4,1,1,0,0
05-02-2017,2994.476,2017,2,6,197.868,8996.784,39.68,102.218,561.486,2138.796,1367.792,1250.500673,3213.486722,5,1,1,0,0
06-02-2017,132.224,2017,2,0,2994.476,866.4,3107.316,1040.55,5148.4472,2560.909714,1574.381857,1331.60034,3083.224011,6,1,0,0,0
07-02-2017,762.142,2017,2,1,132.224,197.868,1601.554,1167.056,79.2,2135.896571,1509.501429,1164.3929,3198.25794,7,1,0,0,0
08-02-2017,1369.476,2017,2,2,762.142,2994.476,161.97,917.63,3251.34,2015.980571,1480.579,1187.157633,3237.132059,8,1,0,0,0
09-02-2017,121.83,2017,2,3,1369.476,132.224,8996.784,59.99,1381.344,2188.481429,1512.853714,1124.428833,3152.947324,9,1,0,0,0
11-02-2017,69.93,2017,2,5,121.83,762.142,866.4,31.36,405.92,920.6308571,1517.270857,1082.445033,1025.703797,11,1,1,0,0
12-02-2017,1366.04,2017,2,6,69.93,1369.476,197.868,858.712,2095.83,806.8494286,1520.025857,1071.245367,1075.680958,12,1,1,0,0
13-02-2017,146.82,2017,2,0,1366.04,121.83,2994.476,39.68,1069.22,973.7311429,1556.263571,1046.919033,1055.890328,13,1,0,0,0
14-02-2017,837.921,2017,2,1,146.82,69.93,132.224,3107.316,255.904,566.9231429,1563.916429,1016.172367,596.0074562,14,1,0,0,0
15-02-2017,407.072,2017,2,2,837.921,1366.04,762.142,1601.554,83.576,667.737,1401.816786,1035.572933,569.3097845,15,1,0,0,0
16-02-2017,1135.638,2017,2,3,407.072,146.82,1369.476,161.97,1859.158,617.0127143,1316.496643,1046.356133,575.2832709,16,1,0,0,0
19-02-2017,392.66,2017,2,6,1135.638,837.921,121.83,8996.784,743.046,583.6072857,1386.044357,1022.2388,529.2549453,19,1,1,0,0
20-02-2017,16.496,2017,2,0,392.66,407.072,69.93,866.4,174.75,622.2972857,771.4640714,1010.559267,498.9002863,20,1,0,0,0
21-02-2017,1524.126,2017,2,1,16.496,1135.638,1366.04,197.868,149.444,614.6638571,710.7566429,1005.284133,509.0655932,21,1,0,0,0
22-02-2017,983.17,2017,2,2,1524.126,392.66,146.82,2994.476,405.344,637.2475714,805.4893571,1051.106867,549.8290312,22,1,0,0,0
23-02-2017,57.576,2017,2,3,983.17,16.496,837.921,132.224,701.923,756.7261429,661.8246429,1070.367733,515.2813151,23,1,0,0,0
25-02-2017,46.72,2017,2,5,57.576,1524.126,407.072,762.142,102.218,645.2482857,656.4926429,1048.8895,575.6613777,25,1,1,0,0
27-02-2017,243.892,2017,2,0,46.72,983.17,1135.638,1369.476,1040.55,593.7694286,605.3910714,1047.039567,615.2606206,27,1,0,0,0
28-02-2017,147.584,2017,2,1,243.892,57.576,392.66,121.83,1167.056,466.3771429,524.9922143,1020.4843,575.3933282,28,1,0,0,1
01-03-2017,6285.806,2017,3,2,147.584,46.72,16.496,69.93,917.63,431.3662857,526.8317857,986.5019,587.9454939,1,1,0,1,0
03-03-2017,7264.422,2017,3,4,6285.806,243.892,1524.126,1366.04,59.99,1326.982,970.8229286,1165.4411,2256.898088,3,1,0,0,0
04-03-2017,315.45,2017,3,5,7264.422,147.584,983.17,146.82,31.36,2147.024286,1392.135929,1405.588833,3190.312848,4,1,1,0,0
05-03-2017,162.344,2017,3,6,315.45,6285.806,57.576,837.921,858.712,2051.635714,1404.180929,1415.0585,3240.498705,5,1,1,0,0
06-03-2017,811.303,2017,3,0,162.344,7264.422,46.72,407.072,39.68,2066.602571,1355.925429,1391.846233,3229.978641,6,1,0,0,0
07-03-2017,21.072,2017,3,1,811.303,315.45,243.892,1135.638,3107.316,2175.828714,1384.799071,1417.567,3162.512479,7,1,0,0,0
08-03-2017,2190.81,2017,3,2,21.072,162.344,147.584,392.66,1601.554,2143.997286,1305.187214,1314.6922,3186.231197,8,1,0,0,0
09-03-2017,635.6,2017,3,3,2190.81,811.303,6285.806,16.496,161.97,2435.886714,1433.6265,1334.334067,3064.10794,9,1,0,0,0
10-03-2017,7879.734,2017,3,4,635.6,21.072,7264.422,1524.126,8996.784,1628.714429,1477.848214,1350.121733,2588.146339,10,1,0,0,0
11-03-2017,896.022,2017,3,5,7879.734,2190.81,315.45,983.17,866.4,1716.616143,1931.820214,1312.886733,2812.204584,11,1,1,0,0
12-03-2017,1694.642,2017,3,6,896.022,635.6,162.344,57.576,197.868,1799.555,1925.595357,1313.874133,2772.271149,12,1,1,0,0
13-03-2017,8866.882,2017,3,0,1694.642,7879.734,811.303,46.72,2994.476,2018.454714,2042.528643,1363.7666,2680.424444,13,1,0,0,0
14-03-2017,669.368,2017,3,1,8866.882,896.022,21.072,243.892,132.224,3169.251714,2672.540214,1559.513467,3635.048282,14,1,0,0,0
15-03-2017,1805.992,2017,3,2,669.368,1694.642,2190.81,147.584,762.142,3261.865429,2702.931357,1577.418267,3548.703943,15,1,0,0,0
17-03-2017,2360.334,2017,3,4,1805.992,8866.882,635.6,6285.806,1369.476,3206.891429,2821.389071,1612.213267,3570.972108,17,1,0,0,0
18-03-2017,1061.682,2017,3,5,2360.334,669.368,7879.734,7264.422,121.83,3453.282,2540.998214,1645.241867,3420.31218,18,1,1,0,0
19-03-2017,138.68,2017,3,6,1061.682,1805.992,896.022,315.45,69.93,2479.274571,2097.945357,1676.570267,2877.401965,19,1,1,0,0
20-03-2017,928.311,2017,3,0,138.68,2360.334,1694.642,162.344,1366.04,2371.082857,2085.318929,1678.861933,2959.910149,20,1,0,0,0
21-03-2017,645.706,2017,3,1,928.311,1061.682,8866.882,811.303,146.82,2261.607,2140.030857,1664.270967,3002.957769,21,1,0,0,0
22-03-2017,226.468,2017,3,2,645.706,138.68,669.368,21.072,837.921,1087.153286,2128.2025,1680.9005,756.3750956,22,1,0,0,0
24-03-2017,745.774,2017,3,4,226.468,928.311,1805.992,2190.81,407.072,1023.881857,2142.873643,1660.518733,813.5141273,24,1,0,0,0
25-03-2017,1346.97,2017,3,5,745.774,645.706,2360.334,635.6,1135.638,872.4221429,2039.656786,1671.8088,738.906715,25,1,1,0,0
26-03-2017,682.246,2017,3,6,1346.97,226.468,1061.682,7879.734,392.66,727.6558571,2090.468929,1678.8532,435.9877354,26,1,1,0,0
27-03-2017,92.7,2017,3,0,682.246,745.774,138.68,896.022,16.496,673.4507143,1576.362643,1688.506067,410.3724002,27,1,0,0,0
28-03-2017,125.3,2017,3,1,92.7,1346.97,928.311,1694.642,1524.126,666.8821429,1518.9825,1691.0462,420.5993132,28,1,0,0,0
29-03-2017,2659.339,2017,3,2,125.3,682.246,645.706,8866.882,983.17,552.1662857,1406.886643,1644.418667,446.1447389,29,1,0,0,0
30-03-2017,11.34,2017,3,3,2659.339,92.7,226.468,669.368,57.576,839.8281429,963.4907143,1700.290967,917.1016419,30,1,0,0,0
31-03-2017,640.762,2017,3,4,11.34,125.3,745.774,1805.992,46.72,809.0955714,916.4887143,1698.749767,944.2830641,31,1,0,0,1
01-04-2017,2161.48,2017,4,5,640.762,2659.339,1346.97,2360.334,243.892,794.0938571,833.258,1718.551167,946.2887368,1,2,1,1,0
02-04-2017,1454.9,2017,4,6,2161.48,11.34,682.246,1061.682,147.584,910.4524286,819.0541429,1782.470767,1067.869519,2,2,1,0,0
03-04-2017,441.198,2017,4,0,1454.9,640.762,92.7,138.68,6285.806,1020.831571,847.1411429,1826.047967,1080.210778,3,2,0,0,0
04-04-2017,970.194,2017,4,1,441.198,2161.48,125.3,928.311,7264.422,1070.617,868.7495714,1631.2277,1037.491261,4,2,0,0,0
05-04-2017,1046.334,2017,4,2,970.194,1454.9,2659.339,645.706,315.45,1191.316143,871.7412143,1421.4201,955.0576999,5,2,0,0,0
07-04-2017,1900.302,2017,4,4,1046.334,441.198,11.34,226.468,162.344,960.8868571,900.3575,1445.7829,703.2136213,7,2,0,0,0
08-04-2017,2906.404,2017,4,5,1900.302,970.194,640.762,745.774,811.303,1230.738571,1019.917071,1503.714833,637.4661202,8,2,1,0,0
09-04-2017,1115.197,2017,4,6,2906.404,1046.334,2161.48,1346.97,21.072,1554.401714,1174.247786,1573.551533,833.1322214,9,2,1,0,0
10-04-2017,950.594,2017,4,0,1115.197,1900.302,1454.9,682.246,2190.81,1404.932714,1157.692571,1610.022367,799.2314696,10,2,0,0,0
12-04-2017,1542.53,2017,4,2,950.594,2906.404,441.198,92.7,635.6,1332.889,1176.860286,1568.681833,816.5190866,12,2,0,0,0
13-04-2017,6.12,2017,4,3,1542.53,1115.197,970.194,125.3,7879.734,1490.222143,1280.419571,1598.912833,715.9819594,13,2,0,0,0
14-04-2017,1466.572,2017,4,4,6.12,950.594,1046.334,2659.339,896.022,1352.497286,1271.906714,1336.459033,901.4002019,14,2,0,0,0
15-04-2017,2201.856,2017,4,5,1466.572,1542.53,1900.302,11.34,1694.642,1412.531286,1186.709071,1355.477367,891.5513127,15,2,1,0,0
16-04-2017,9335.086,2017,4,6,2201.856,6.12,2906.404,640.762,8866.882,1455.610429,1343.1745,1372.3845,925.6803809,16,2,1,0,0
17-04-2017,421.085,2017,4,0,9335.086,1466.572,1115.197,2161.48,669.368,2373.993571,1964.197643,1387.9913,3141.619676,17,2,0,0,0
18-04-2017,2514.538,2017,4,1,421.085,2201.856,950.594,1454.9,1805.992,2274.834714,1839.883714,1379.7152,3198.413691,18,2,0,0,0
19-04-2017,1414.132,2017,4,2,2514.538,9335.086,1542.53,441.198,2360.334,2498.255286,1915.572143,1403.3334,3144.66553,19,2,0,0,0
21-04-2017,271.616,2017,4,4,1414.132,421.085,6.12,970.194,1061.682,2479.912714,1985.067429,1371.793333,3151.536268,21,2,0,0,0
22-04-2017,1765.465,2017,4,5,271.616,2514.538,1466.572,1046.334,138.68,2517.840714,1935.169,1345.4578,3118.224371,22,2,1,0,0
23-04-2017,720.368,2017,4,6,1765.465,1414.132,2201.856,1900.302,928.311,2560.539714,1986.5355,1399.683967,3103.441107,23,2,1,0,0
24-04-2017,1607.1,2017,4,0,720.368,271.616,9335.086,2906.404,645.706,2348.898571,1902.2545,1392.752533,3181.512071,24,2,0,0,0
25-04-2017,108.42,2017,4,1,1607.1,1765.465,421.085,1115.197,226.468,1244.900571,1809.447071,1424.799,810.7489951,25,2,0,0,0
26-04-2017,434.646,2017,4,2,108.42,720.368,2514.538,950.594,745.774,1200.234143,1737.534429,1420.864067,870.1373419,26,2,0,0,0
28-04-2017,486.672,2017,4,4,434.646,1607.1,1414.132,1542.53,1346.97,903.1067143,1700.681,1410.493133,681.1230403,28,2,0,0,0
30-04-2017,142.208,2017,4,6,486.672,108.42,271.616,6.12,682.246,770.6124286,1625.262571,1381.816533,654.8485136,30,2,1,0,1
01-05-2017,517.866,2017,5,0,142.208,434.646,1765.465,1466.572,92.7,752.1255714,1634.983143,1363.815267,672.8622689,1,2,0,1,0
02-05-2017,767.316,2017,5,1,517.866,486.672,720.368,2201.856,125.3,573.8971429,1567.218429,1377.987467,503.6739914,2,2,0,0,0
03-05-2017,1099.013,2017,5,2,767.316,142.208,1607.1,9335.086,2659.339,580.604,1464.751286,1399.388,506.2554044,3,2,0,0,0
05-05-2017,2701.28,2017,5,4,1099.013,517.866,108.42,421.085,11.34,508.0201429,876.4603571,1347.377133,345.4326142,5,2,0,0,0
06-05-2017,236.96,2017,5,5,2701.28,767.316,434.646,2514.538,640.762,878.4287143,1039.331429,1437.0418,856.955182,6,2,1,0,0
07-05-2017,4835.976,2017,5,6,236.96,1099.013,486.672,1414.132,2161.48,850.1878571,876.6472857,1423.581733,877.0394609,7,2,1,0,0
08-05-2017,1340.244,2017,5,0,4835.976,2701.28,142.208,271.616,1454.9,1471.517,1121.064714,1512.7316,1715.964418,8,2,0,0,0
09-05-2017,1283.512,2017,5,1,1340.244,236.96,517.866,1765.465,441.198,1642.665,1197.395286,1508.909733,1618.246583,9,2,0,0,0
10-05-2017,763.02,2017,5,2,1283.512,4835.976,767.316,720.368,970.194,1752.043,1162.970071,1536.986867,1554.156003,10,2,0,0,0
11-05-2017,5.98,2017,5,3,763.02,1340.244,1099.013,1607.1,1046.334,1751.429286,1166.016643,1530.081067,1554.610449,11,2,0,0,0
12-05-2017,918.878,2017,5,4,5.98,1283.512,2701.28,108.42,1900.302,1595.281714,1051.650929,1495.4026,1680.830828,12,2,0,0,0
14-05-2017,455.93,2017,5,6,918.878,763.02,236.96,434.646,2906.404,1340.652857,1109.540786,1462.688467,1619.238114,14,2,1,0,0
15-05-2017,648.912,2017,5,0,455.93,5.98,4835.976,486.672,1115.197,1371.934286,1111.061071,1381.006,1596.315515,15,2,0,0,0
16-05-2017,880.46,2017,5,1,648.912,918.878,1340.244,142.208,950.594,773.7822857,1122.649643,1365.463167,466.9073538,16,2,0,0,0
17-05-2017,346.922,2017,5,2,880.46,455.93,1283.512,517.866,1542.53,708.0988571,1175.381929,1363.125367,401.7287505,17,2,0,0,0
18-05-2017,122.22,2017,5,3,346.922,648.912,763.02,767.316,6.12,574.3002857,1163.171643,1323.271767,327.1976892,18,2,0,0,0
19-05-2017,1582.008,2017,5,4,122.22,880.46,5.98,1099.013,1466.572,482.7574286,1117.093357,1327.141767,354.1305687,19,2,0,0,0
20-05-2017,2471.913,2017,5,5,1582.008,346.922,918.878,2701.28,2201.856,707.9042857,1151.593,1330.989633,479.3481876,20,2,1,0,0
21-05-2017,2718.214,2017,5,6,2471.913,122.22,455.93,236.96,9335.086,929.7664286,1135.209643,1339.991533,826.7713582,21,2,1,0,0
22-05-2017,1799.2,2017,5,0,2718.214,1582.008,648.912,4835.976,421.085,1252.949857,1312.442071,1119.429133,1028.283062,22,2,0,0,0
23-05-2017,10560.978,2017,5,1,1799.2,2471.913,880.46,1340.244,2514.538,1417.276714,1095.5295,1165.3663,1007.364598,23,2,0,0,0
24-05-2017,277.756,2017,5,2,10560.978,2718.214,346.922,1283.512,1414.132,2800.207857,1754.153357,1433.580967,3559.501646,24,2,0,0,0
25-05-2017,1311.97,2017,5,3,277.756,1799.2,122.22,763.02,271.616,2790.327,1682.313643,1395.701767,3567.533701,25,2,0,0,0
26-05-2017,1975.356,2017,5,4,1311.97,10560.978,1582.008,5.98,1765.465,2960.291286,1721.524357,1430.380233,3445.487622,26,2,0,0,0
27-05-2017,5305.078,2017,5,5,1975.356,277.756,2471.913,918.878,720.368,3016.483857,1862.194071,1437.3766,3422.392905,27,2,1,0,0
28-05-2017,2137.324,2017,5,6,5305.078,1311.97,2718.214,455.93,1607.1,3421.221714,2175.494071,1590.200267,3513.570258,28,2,1,0,0
29-05-2017,1063.185,2017,5,0,2137.324,1975.356,1799.2,648.912,108.42,3338.237429,2295.593643,1607.8744,3539.703955,29,2,0,0,0
30-05-2017,8090.578,2017,5,1,1063.185,5305.078,10560.978,880.46,434.646,3233.092429,2325.184571,1639.6999,3603.398016,30,2,0,0,0
31-05-2017,438.859,2017,5,2,8090.578,2137.324,277.756,346.922,486.672,2880.178143,2840.193,1894.897633,2796.792307,31,2,0,0,1
02-06-2017,157.844,2017,6,4,438.859,1063.185,1311.97,122.22,142.208,2903.192857,2846.759929,1893.303867,2772.364023,2,2,0,0,0
04-06-2017,2316.523,2017,6,6,157.844,8090.578,1975.356,1582.008,517.866,2738.317714,2849.3045,1893.825067,2913.493811,4,2,1,0,0
05-06-2017,659.82,2017,6,0,2316.523,438.859,5305.078,2471.913,767.316,2787.055857,2901.769857,1953.7803,2901.432103,5,2,0,0,0
06-06-2017,5477.352,2017,6,1,659.82,157.844,2137.324,2718.214,1099.013,2123.447571,2772.334643,1950.1971,2757.169886,6,2,0,0,0
07-06-2017,51.562,2017,6,2,5477.352,2316.523,1063.185,1799.2,2701.28,2600.594429,2969.415929,2096.141733,3034.982514,7,2,0,0,0
09-06-2017,1688.472,2017,6,4,51.562,659.82,8090.578,10560.978,236.96,2456.076857,2844.584643,2007.8178,3142.569396,9,2,0,0,0
10-06-2017,1412.396,2017,6,5,1688.472,5477.352,438.859,277.756,4835.976,1541.490286,2210.834214,2056.201533,1925.304666,10,2,1,0,0
11-06-2017,1623.416,2017,6,6,1412.396,51.562,157.844,1311.97,1340.244,1680.567,2291.879929,1942.0822,1866.648584,11,2,1,0,0
12-06-2017,2962.563,2017,6,0,1623.416,1688.472,2316.523,1975.356,1283.512,1889.934429,2314.126071,1951.521267,1745.661263,12,2,0,0,0
13-06-2017,430.438,2017,6,1,2962.563,1412.396,659.82,5305.078,763.02,1982.225857,2384.640857,2007.489633,1788.524986,13,2,0,0,0
14-06-2017,3457.099,2017,6,2,430.438,1623.416,5477.352,2137.324,5.98,1949.457,2036.452286,1996.403567,1818.639669,14,2,0,0,0
15-06-2017,173.488,2017,6,3,3457.099,2962.563,51.562,1063.185,918.878,1660.849429,2130.721929,2111.440867,1230.757384,15,2,0,0,0
16-06-2017,147.275,2017,6,4,173.488,430.438,1688.472,8090.578,455.93,1678.267429,2067.172143,2086.594533,1204.774994,16,2,0,0,0
17-06-2017,3000.92,2017,6,5,147.275,3457.099,1412.396,438.859,648.912,1458.096429,1499.793357,2076.306033,1336.251194,17,2,1,0,0
18-06-2017,541.938,2017,6,6,3000.92,173.488,1623.416,157.844,880.46,1685.028429,1682.797714,2154.7063,1456.658999,18,2,1,0,0
19-06-2017,17.12,2017,6,0,541.938,147.275,2962.563,2316.523,346.922,1530.531571,1710.233,2143.422233,1520.247091,19,2,0,0,0
20-06-2017,1229.548,2017,6,1,17.12,3000.92,430.438,659.82,122.22,1109.754,1545.989929,2132.428833,1464.42432,20,2,0,0,0
21-06-2017,577.108,2017,6,2,1229.548,541.938,3457.099,5477.352,1582.008,1223.912571,1586.684786,2169.339767,1433.462396,21,2,0,0,0
23-06-2017,2475.094,2017,6,4,577.108,17.12,173.488,51.562,2471.913,812.4852857,1236.667357,2135.8431,1046.837643,23,2,0,0,0
24-06-2017,5310.952,2017,6,5,2475.094,1229.548,147.275,1688.472,2718.214,1141.286143,1409.776786,2135.949133,1167.218523,24,2,1,0,0
25-06-2017,893.266,2017,6,6,5310.952,577.108,3000.92,1412.396,1799.2,1878.954286,1668.525357,2222.373733,1860.25848,25,2,1,0,0
26-06-2017,1919.6,2017,6,0,893.266,2475.094,541.938,1623.416,10560.978,1577.860857,1631.444643,2192.175933,1818.494947,26,2,0,0,0
27-06-2017,778.706,2017,6,1,1919.6,5310.952,17.12,2962.563,277.756,1774.669714,1652.600643,1904.13,1761.346863,27,2,0,0,0
28-06-2017,877.156,2017,6,2,778.706,893.266,1229.548,430.438,1311.97,1883.467714,1496.610857,1920.828333,1655.000519,28,2,0,0,0
29-06-2017,191.88,2017,6,3,877.156,1919.6,577.108,3457.099,1975.356,1833.126,1528.519286,1906.334533,1683.323724,29,2,0,0,0
30-06-2017,1352.95,2017,6,4,191.88,778.706,2475.094,173.488,5305.078,1778.093429,1295.289357,1846.885333,1736.681687,30,2,0,0,1
01-07-2017,1724.376,2017,7,5,1352.95,877.156,5310.952,147.275,2137.324,1617.787143,1379.536643,1715.147733,1713.253732,1,3,1,1,0
02-07-2017,772.786,2017,7,6,1724.376,191.88,893.266,3000.92,1063.185,1105.419143,1492.186714,1701.3828,598.0075036,2,3,1,0,0
03-07-2017,847.7,2017,7,0,772.786,1352.95,1919.6,541.938,8090.578,1088.207714,1333.034286,1691.702833,606.8003605,3,3,0,0,0
04-07-2017,1651.301,2017,7,1,847.7,1724.376,778.706,17.12,438.859,935.0791429,1354.874429,1450.273567,485.0656961,4,3,0,0,0
07-07-2017,3882.231,2017,7,4,1651.301,772.786,877.156,1229.548,157.844,1059.735571,1471.601643,1490.6883,546.4245891,7,3,0,0,0
08-07-2017,2616.512,2017,7,5,3882.231,847.7,191.88,577.108,2316.523,1489.032,1661.079,1614.834533,1185.647233,8,3,1,0,0
09-07-2017,573.286,2017,7,6,2616.512,1651.301,1352.95,2475.094,659.82,1835.408,1806.750714,1624.834167,1094.176225,9,3,1,0,0
10-07-2017,895.895,2017,7,0,573.286,3882.231,1724.376,5310.952,5477.352,1724.027429,1670.907286,1621.9497,1187.200943,10,3,0,0,0
12-07-2017,95.76,2017,7,2,895.895,2616.512,772.786,893.266,51.562,1605.673,1355.546071,1469.234467,1227.763908,12,3,0,0,0
14-07-2017,2149.96,2017,7,4,95.76,573.286,847.7,1919.6,1688.472,1508.955,1298.581357,1470.707733,1326.969052,14,3,0,0,0
15-07-2017,380.2,2017,7,5,2149.96,895.895,1651.301,778.706,1412.396,1694.992143,1315.035643,1486.090667,1309.98993,15,3,1,0,0
16-07-2017,910.17,2017,7,6,380.2,95.76,3882.231,877.156,1623.416,1513.406286,1286.570929,1451.684133,1401.927078,16,3,1,0,0
17-07-2017,2184.88,2017,7,0,910.17,2149.96,2616.512,191.88,2962.563,1088.826143,1288.929071,1427.909267,938.3569503,17,3,0,0,0
18-07-2017,2891.858,2017,7,1,2184.88,380.2,573.286,1352.95,430.438,1027.164429,1431.286214,1401.9865,829.0534169,18,3,0,0,0
19-07-2017,1536.454,2017,7,2,2891.858,910.17,895.895,1724.376,3457.099,1358.389,1541.208214,1484.033833,1050.958759,19,3,0,0,0
20-07-2017,89.95,2017,7,3,1536.454,2184.88,95.76,772.786,173.488,1449.897429,1527.785214,1420.012333,1031.687596,20,3,0,0,0
21-07-2017,991.095,2017,7,4,89.95,2891.858,2149.96,847.7,147.275,1449.067429,1479.011214,1417.227733,1032.96013,21,3,0,0,0
22-07-2017,1368.048,2017,7,5,991.095,1536.454,380.2,1651.301,3000.92,1283.515286,1489.253714,1445.355067,994.0385263,22,3,1,0,0
23-07-2017,654.587,2017,7,6,1368.048,89.95,910.17,3882.231,541.938,1424.636429,1469.021357,1390.926,911.0832917,23,3,1,0,0
24-07-2017,326.964,2017,7,0,654.587,991.095,2184.88,2616.512,17.12,1388.124571,1238.475357,1394.680967,939.8054047,24,3,0,0,0
25-07-2017,4979.308,2017,7,1,326.964,1368.048,2891.858,573.286,1229.548,1122.708,1074.936214,1405.0091,939.6387642,25,3,0,0,0
28-07-2017,2033.374,2017,7,4,4979.308,654.587,1536.454,895.895,577.108,1420.915143,1389.652071,1530.0011,1654.212067,28,3,0,0,0
29-07-2017,819.154,2017,7,5,2033.374,326.964,89.95,95.76,2475.094,1491.903714,1470.900571,1578.5433,1670.578062,29,3,1,0,0
30-07-2017,1770.776,2017,7,6,819.154,4979.308,991.095,2149.96,5310.952,1596.075714,1522.571571,1523.3453,1589.346914,30,3,1,0,0
31-07-2017,2174.158,2017,7,0,1770.776,2033.374,1368.048,380.2,893.266,1707.458714,1495.487,1405.339433,1567.046957,31,3,0,0,1
01-08-2017,1124.648,2017,8,1,2174.158,819.154,654.587,910.17,1919.6,1822.617286,1623.626857,1448.035833,1567.566857,1,3,0,1,0
02-08-2017,482.584,2017,8,2,1124.648,1770.776,326.964,2184.88,778.706,1889.768857,1638.946714,1421.537433,1518.491365,2,3,0,0,0
03-08-2017,248.82,2017,8,3,482.584,2174.158,4979.308,2891.858,877.156,1912.000286,1517.354143,1411.6667,1492.718253,3,3,0,0,0
04-08-2017,497.91,2017,8,4,248.82,1124.648,2033.374,1536.454,191.88,1236.216286,1328.565714,1390.722167,767.056131,4,3,0,0,0
05-08-2017,197.05,2017,8,5,497.91,482.584,819.154,89.95,1352.95,1016.864286,1254.384,1400.923167,719.1521975,5,3,1,0,0
06-08-2017,320.388,2017,8,6,197.05,248.82,1770.776,991.095,1724.376,927.9922857,1262.034,1362.393167,783.240893,6,3,1,0,0
07-08-2017,179.97,2017,8,0,320.388,497.91,2174.158,1368.048,772.786,720.794,1214.126357,1315.593567,711.7090288,7,3,0,0,0
08-08-2017,1115.204,2017,8,1,179.97,197.05,1124.648,654.587,847.7,435.91,1129.263643,1295.833033,329.4667102,8,3,0,0,0
09-08-2017,661.354,2017,8,2,1115.204,320.388,482.584,326.964,1651.301,434.5608571,1162.164857,1304.749833,326.1792562,9,3,0,0,0
11-08-2017,151.82,2017,8,4,661.354,179.97,248.82,4979.308,3882.231,460.0994286,1186.049857,1271.7516,337.3724006,11,3,0,0,0
12-08-2017,3951.9605,2017,8,5,151.82,1115.204,497.91,2033.374,2616.512,446.2422857,841.2292857,1147.404567,349.2787536,12,3,1,0,0
13-08-2017,731.524,2017,8,6,3951.9605,661.354,197.05,819.154,573.286,939.6780714,978.2711786,1191.919517,1373.257223,13,3,1,0,0
14-08-2017,923.688,2017,8,0,731.524,151.82,320.388,1770.776,895.895,1016.0315,972.0118929,1197.194117,1339.529467,14,3,0,0,0
15-08-2017,1680.266,2017,8,1,923.688,3951.9605,179.97,2174.158,95.76,1102.217214,911.5056071,1198.12055,1306.308205,15,3,0,0,0
16-08-2017,204.54,2017,8,2,1680.266,731.524,1115.204,1124.648,2149.96,1316.545214,876.2276071,1250.937417,1251.711614,16,3,0,0,0
17-08-2017,15.712,2017,8,3,204.54,923.688,661.354,482.584,380.2,1186.450357,810.5056071,1186.090083,1321.503966,17,3,0,0,0
18-08-2017,496.114,2017,8,4,15.712,1680.266,151.82,248.82,910.17,1094.215786,777.1576071,1173.940483,1385.25497,18,3,0,0,0
19-08-2017,448.792,2017,8,5,496.114,204.54,3951.9605,497.91,2184.88,1143.400643,794.8214643,1160.138617,1351.928861,19,3,1,0,0
20-08-2017,14.78,2017,8,6,448.792,15.712,731.524,197.05,2891.858,642.948,791.3130357,1102.269017,548.8734885,20,3,1,0,0
21-08-2017,4225.118,2017,8,0,14.78,496.114,923.688,320.388,1536.454,540.556,778.29375,1006.366417,594.5492852,21,3,0,0,0
22-08-2017,405.35,2017,8,1,4225.118,448.792,1680.266,179.97,89.95,1012.188857,1057.203036,1095.98855,1527.147518,22,3,0,0,0
23-08-2017,4187.348,2017,8,2,405.35,14.78,204.54,1115.204,991.095,830.058,1073.301607,1106.501883,1510.121521,23,3,0,0,0
26-08-2017,4874.298,2017,8,5,4187.348,4225.118,15.712,661.354,1368.048,1399.030571,1292.740464,1213.04365,1927.728236,26,3,1,0,0
27-08-2017,767.911,2017,8,6,4874.298,405.35,496.114,151.82,654.587,2093.114286,1593.665036,1329.91865,2201.835027,27,3,1,0,0
28-08-2017,322.0248,2017,8,0,767.911,4187.348,448.792,3951.9605,326.964,2131.942429,1637.671536,1333.696117,2171.161954,28,3,0,0,0
29-08-2017,632.188,2017,8,1,322.0248,4874.298,14.78,731.524,4979.308,2113.832829,1378.390414,1333.531477,2188.004271,29,3,0,0,0
30-08-2017,1656.87,2017,8,2,632.188,767.911,4225.118,923.688,2033.374,2202.033971,1371.294986,1188.627477,2099.959074,30,3,0,0,0
31-08-2017,23.968,2017,8,3,1656.87,322.0248,405.35,1680.266,819.154,1835.1414,1423.665129,1176.077343,1902.674973,31,3,0,0,1
01-09-2017,5766.152,2017,9,4,23.968,632.188,4187.348,204.54,1770.776,1780.658257,1305.358129,1149.571143,1955.176849,1,3,0,1,0
02-09-2017,6792.193,2017,9,5,5766.152,1656.87,4874.298,15.712,2174.158,2006.201686,1702.616129,1282.750343,2333.531482,2,3,1,0,0
03-09-2017,2365.596,2017,9,6,6792.193,23.968,767.911,496.114,1124.648,2280.186686,2186.650486,1436.684843,2793.637921,3,3,1,0,0
04-09-2017,1707.812,2017,9,0,2365.596,5766.152,322.0248,448.792,482.584,2508.4274,2320.184914,1478.049777,2713.611899,4,3,0,0,0
05-09-2017,5226.348,2017,9,1,1707.812,6792.193,632.188,14.78,248.82,2706.397,2410.114914,1518.89071,2574.503906,5,3,0,0,0
06-09-2017,1313.536,2017,9,2,5226.348,2365.596,1656.87,4225.118,497.91,3362.705571,2782.369771,1684.80831,2542.998416,6,3,0,0,0
08-09-2017,4493.9836,2017,9,4,1313.536,1707.812,23.968,405.35,197.05,3313.657857,2574.399629,1711.995843,2584.357652,8,3,0,0,0
09-09-2017,84.992,2017,9,5,4493.9836,5226.348,5766.152,4187.348,320.388,3952.231514,2866.444886,1855.226963,2152.134682,9,3,1,0,0
10-09-2017,2094.324,2017,9,6,84.992,1313.536,6792.193,4874.298,179.97,3140.637229,2573.419457,1847.38043,2409.859577,10,3,1,0,0
11-09-2017,6402.018,2017,9,0,2094.324,4493.9836,2365.596,767.911,1115.204,2469.513086,2374.849886,1911.19223,1800.583127,11,3,0,0,0
12-09-2017,2043.792,2017,9,1,6402.018,84.992,1707.812,322.0248,661.354,3046.1448,2777.2861,2087.419363,2330.195442,12,3,0,0,0
13-09-2017,2374.73,2017,9,2,2043.792,2094.324,5226.348,632.188,151.82,3094.141943,2900.269471,2133.50063,2301.315391,13,3,0,0,0
14-09-2017,1137.338,2017,9,3,2374.73,6402.018,1313.536,1656.87,3951.9605,2686.767943,3024.736757,2207.59763,2104.989747,14,3,0,0,0
15-09-2017,2101.182,2017,9,4,1137.338,2043.792,4493.9836,23.968,731.524,2661.5968,2987.627329,2113.77688,2125.104824,15,3,0,0,0
16-09-2017,425.886,2017,9,5,2101.182,2374.73,84.992,5766.152,923.688,2319.768,3135.999757,2159.432147,1967.863391,16,3,1,0,0
17-09-2017,2043.126,2017,9,6,425.886,1137.338,2094.324,6792.193,1680.266,2368.467143,2754.552186,2142.838747,1906.606145,17,3,1,0,0
18-09-2017,4751.082,2017,9,0,2043.126,2101.182,6402.018,2365.596,204.54,2361.153143,2415.333114,2154.93408,1907.930812,18,3,0,0,0
19-09-2017,3839.312,2017,9,1,4751.082,425.886,2043.792,1707.812,15.712,2125.305143,2585.724971,2306.48548,1343.813051,19,3,0,0,0
20-09-2017,1232.004,2017,9,2,3839.312,2043.126,2374.73,5226.348,496.114,2381.808,2737.974971,2433.938813,1489.161968,20,3,0,0,0
22-09-2017,418.062,2017,9,4,1232.004,4751.082,1137.338,1313.536,448.792,2218.561429,2452.664686,2458.46848,1551.401153,22,3,0,0,0
23-09-2017,1322.145,2017,9,5,418.062,3839.312,2101.182,4493.9836,14.78,2115.807714,2388.702257,2457.444147,1655.29046,23,3,1,0,0
24-09-2017,2286.05,2017,9,6,1322.145,1232.004,425.886,84.992,4225.118,2004.516714,2162.142357,2501.02298,1682.404323,24,3,1,0,0
25-09-2017,2384.003,2017,9,0,2286.05,418.062,2043.126,2094.324,405.35,2270.254429,2319.360786,2436.38738,1531.653581,25,3,0,0,0
26-09-2017,2698.1665,2017,9,1,2384.003,1322.145,4751.082,6402.018,4187.348,2318.951143,2340.052143,2502.34248,1528.644715,26,3,0,0,0
27-09-2017,1992.9858,2017,9,2,2698.1665,2286.05,3839.312,2043.792,4874.298,2025.6775,2075.491321,2452.703097,1128.937979,27,3,0,0,0
28-09-2017,99.136,2017,9,3,1992.9858,2384.003,1232.004,2374.73,767.911,1761.916614,2071.862307,2356.659357,803.3073063,28,3,0,0,0
29-09-2017,1271.552,2017,9,4,99.136,2698.1665,418.062,1137.338,322.0248,1600.078329,1909.319879,2334.366857,1014.27366,29,3,0,0,0
30-09-2017,525.884,2017,9,5,1271.552,1992.9858,1322.145,2101.182,632.188,1722.005471,1918.906593,2366.017763,892.488067,30,3,1,0,1
01-10-2017,781.414,2017,10,6,525.884,99.136,2286.05,425.886,1656.87,1608.2539,1806.385307,2362.474297,996.6152664,1,4,1,1,0
02-10-2017,18452.972,2017,10,0,781.414,1271.552,2384.003,2043.126,23.968,1393.3059,1831.780164,2333.29243,988.2889341,2,4,0,0,0
03-10-2017,1680.696,2017,10,1,18452.972,525.884,2698.1665,4751.082,5766.152,3688.8729,3003.912021,2947.592563,6570.434053,3,4,0,0,0
04-10-2017,5912.782,2017,10,2,1680.696,781.414,1992.9858,3839.312,6792.193,3543.519971,2784.598736,2811.410697,6607.155273,4,4,0,0,0
06-10-2017,830.4,2017,10,4,5912.782,18452.972,99.136,1232.004,2365.596,4103.490857,2932.703736,2782.096997,6619.935541,6,4,0,0,0
07-10-2017,973.712,2017,10,5,830.4,1680.696,1271.552,418.062,1707.812,4207.957143,2904.017736,2730.923797,6551.630241,7,4,1,0,0
08-10-2017,561.536,2017,10,6,973.712,5912.782,525.884,1322.145,5226.348,4165.408571,2943.707021,2706.453797,6574.804772,8,4,1,0,0
09-10-2017,546.92,2017,10,0,561.536,830.4,781.414,2286.05,1313.536,4170.501714,2889.377807,2550.960063,6571.528533,9,4,0,0,0
10-10-2017,252.361,2017,10,1,546.92,973.712,18452.972,2384.003,4493.9836,4137.002571,2765.154236,2525.406197,6592.2492,10,4,0,0,0
11-10-2017,33.064,2017,10,2,252.361,561.536,1680.696,2698.1665,84.992,1536.915286,2612.894093,2384.018777,1981.866936,11,4,0,0,0
13-10-2017,1650.618,2017,10,4,33.064,546.92,5912.782,1992.9858,2094.324,1301.539286,2422.529629,2382.287843,2058.31088,13,4,0,0,0
14-10-2017,3335.888,2017,10,5,1650.618,252.361,830.4,99.136,6402.018,692.6587143,2398.074786,2367.497643,529.6240503,14,4,1,0,0
15-10-2017,1620.15,2017,10,6,3335.888,33.064,973.712,1271.552,2043.792,1050.585571,2629.271357,2265.29331,1136.802296,15,4,1,0,0
16-10-2017,142.182,2017,10,0,1620.15,1650.618,561.536,525.884,2374.73,1142.933857,2654.171214,2251.17191,1155.617685,16,4,0,0,0
17-10-2017,2953.346,2017,10,1,142.182,3335.888,546.92,781.414,1137.338,1083.026143,2626.763929,2176.753643,1200.768621,17,4,0,0,0
18-10-2017,307.92,2017,10,2,2953.346,1620.15,252.361,18452.972,2101.182,1426.801286,2781.901929,2237.287243,1356.127379,18,4,0,0,0
20-10-2017,946.174,2017,10,4,307.92,142.182,33.064,1680.696,425.886,1434.738286,1485.826786,2177.511843,1348.247825,20,4,0,0,0
21-10-2017,7877.272,2017,10,5,946.174,2953.346,1650.618,5912.782,2043.126,1565.182571,1433.360929,2194.854777,1228.924154,21,4,1,0,0
22-10-2017,188.28,2017,10,6,7877.272,307.92,3335.888,830.4,4751.082,2454.704571,1573.681643,2389.32631,2688.182641,22,4,1,0,0
23-10-2017,467.422,2017,10,0,188.28,946.174,1620.15,973.712,3839.312,2005.046286,1527.815929,2237.23291,2777.972989,23,4,0,0,0
24-10-2017,1365.498,2017,10,1,467.422,7877.272,142.182,561.536,1232.004,1840.370857,1491.652357,2124.836577,2838.107377,24,4,0,0,0
25-10-2017,783.96,2017,10,2,1365.498,188.28,2953.346,546.92,418.062,2015.130286,1549.078214,2129.286377,2752.483537,25,4,0,0,0
27-10-2017,978.79,2017,10,4,783.96,467.422,307.92,252.361,1322.145,1705.218,1566.009643,2141.482977,2751.369534,27,4,0,0,0
28-10-2017,2899.021,2017,10,5,978.79,1365.498,946.174,33.064,2286.05,1801.056571,1617.897429,2130.03781,2705.893771,28,4,1,0,0
29-10-2017,131.154,2017,10,6,2899.021,783.96,7877.272,1650.618,2384.003,2080.034714,1822.608643,2150.470177,2703.734043,29,4,1,0,0
30-10-2017,159.002,2017,10,0,131.154,978.79,188.28,3335.888,2698.1665,973.4464286,1714.0755,2075.37521,955.6393238,30,4,0,0,0
31-10-2017,3750.499,2017,10,1,159.002,2899.021,467.422,1620.15,1992.9858,969.2638571,1487.155071,1990.736393,959.703952,31,4,0,0,1
01-11-2017,453.374,2017,11,2,3750.499,131.154,1365.498,142.182,99.136,1438.274857,1639.322857,2049.320167,1382.619163,1,4,0,1,0
03-11-2017,3802.796,2017,11,4,453.374,159.002,783.96,2953.346,1271.552,1307.971429,1661.550857,2061.1281,1432.695294,3,4,0,0,0
04-11-2017,3888.818,2017,11,5,3802.796,3750.499,978.79,307.92,525.884,1739.233714,1722.225857,2145.5029,1681.43522,4,4,1,0,0
05-11-2017,4266.8988,2017,11,6,3888.818,453.374,2899.021,946.174,781.414,2154.952,1978.004286,2257.6007,1816.4082,5,4,1,0,0
06-11-2017,773.256,2017,11,0,4266.8988,3802.796,131.154,7877.272,18452.972,2350.363114,2215.198914,2373.783527,1976.335607,6,4,0,0,0
07-11-2017,3810.464,2017,11,1,773.256,3888.818,159.002,188.28,1680.696,2442.091971,1707.7692,1784.45966,1868.104791,7,4,0,0,0
08-11-2017,993.9,2017,11,2,3810.464,4266.8988,3750.499,467.422,5912.782,2963.7294,1966.496629,1855.451927,1617.307227,8,4,0,0,0
09-11-2017,479.97,2017,11,3,993.9,773.256,453.374,1365.498,830.4,2569.929543,2004.1022,1691.489193,1725.773699,9,4,0,0,0
10-11-2017,4723.478,2017,11,4,479.97,3810.464,3802.796,783.96,973.712,2573.728971,1940.8502,1679.808193,1720.358085,10,4,0,0,0
11-11-2017,4944.296,2017,11,5,4723.478,993.9,3888.818,978.79,561.536,2705.254971,2222.244343,1804.800393,1859.548025,11,4,1,0,0
12-11-2017,4914.938,2017,11,6,4944.296,479.97,4266.8988,2899.021,546.92,2856.037543,2505.494771,1950.892393,2008.351262,12,4,1,0,0
13-11-2017,2945.138,2017,11,0,4914.938,4723.478,773.256,131.154,252.361,2948.614571,2649.488843,2096.492993,2097.196415,13,4,0,0,0
14-11-2017,2774.062,2017,11,1,2945.138,4944.296,3810.464,159.002,33.064,3258.883429,2850.4877,2186.252227,1870.087192,14,4,0,0,0
15-11-2017,2145.718,2017,11,2,2774.062,4914.938,993.9,3750.499,1650.618,3110.826,3037.2777,2277.618827,1860.139794,15,4,0,0,0
16-11-2017,36.72,2017,11,3,2145.718,2945.138,479.97,453.374,3335.888,3275.371429,2922.650486,2294.12216,1684.30261,16,4,0,0,0
17-11-2017,142.684,2017,11,4,36.72,2774.062,4723.478,3802.796,1620.15,3212.05,2892.889486,2184.149893,1810.514586,17,4,0,0,0
18-11-2017,3958.932,2017,11,5,142.684,2145.718,4944.296,3888.818,142.182,2557.650857,2631.452914,2134.901027,1991.929708,18,4,1,0,0
19-11-2017,638.462,2017,11,6,3958.932,36.72,4914.938,4266.8988,2953.346,2416.884571,2636.461057,2262.126027,1822.796,19,4,1,0,0
20-11-2017,3070.333,2017,11,0,638.462,142.684,2945.138,773.256,307.92,1805.959429,2377.287,2184.963227,1540.855863,20,4,0,0,0
21-11-2017,1176.891,2017,11,1,3070.333,3958.932,2774.062,3810.464,946.174,1823.844429,2541.363929,2277.04366,1556.925086,21,4,0,0,0
22-11-2017,317.044,2017,11,2,1176.891,638.462,2145.718,993.9,7877.272,1595.677143,2353.251571,2284.734227,1510.811453,22,4,0,0,0
23-11-2017,100.616,2017,11,3,317.044,3070.333,36.72,479.97,188.28,1334.438,2304.904714,2032.726627,1557.238154,23,4,0,0,0
24-11-2017,6394.538,2017,11,4,100.616,1176.891,142.684,4723.478,467.422,1343.566,2277.808,2029.804493,1548.526476,24,4,0,0,0
25-11-2017,7978.551,2017,11,5,6394.538,317.044,3958.932,4944.296,1365.498,2236.688,2397.169429,2227.375027,2340.731286,25,4,1,0,0
26-11-2017,8329.743,2017,11,6,7978.551,100.616,638.462,4914.938,783.96,2810.919286,2613.901929,2447.810127,3177.231841,26,4,1,0,0
27-11-2017,1305.769,2017,11,0,8329.743,6394.538,3070.333,2945.138,978.79,3909.673714,2857.816571,2699.336227,3602.217569,27,4,0,0,0
28-11-2017,3428.372,2017,11,1,1305.769,7978.551,1176.891,2774.062,2899.021,3657.593143,2740.718786,2710.235527,3730.210967,28,4,0,0,0
29-11-2017,300.592,2017,11,2,3428.372,8329.743,317.044,2145.718,131.154,3979.233286,2787.455214,2727.88056,3574.477483,29,4,0,0,0
30-11-2017,970.142,2017,11,3,300.592,1305.769,100.616,36.72,159.002,3976.883,2655.6605,2733.528493,3577.291069,30,4,0,0,1
01-12-2017,7365.455,2017,12,4,970.142,3428.372,6394.538,142.684,3750.499,4101.101,2722.3335,2760.566493,3432.421477,1,4,0,1,0
02-12-2017,4684.616,2017,12,5,7365.455,300.592,7978.551,3958.932,453.374,4239.803429,3238.245714,2881.065027,3557.86894,2,4,1,0,0
03-12-2017,5269.816,2017,12,6,4684.616,970.142,8329.743,638.462,3802.796,3769.241286,3290.080286,3022.106427,3178.579664,3,4,1,0,0
04-12-2017,944.286,2017,12,0,5269.816,7365.455,1305.769,3070.333,3888.818,3332.108857,3620.891286,3071.007093,2605.640272,4,4,0,0,0
05-12-2017,5138.934,2017,12,1,944.286,4684.616,3428.372,1176.891,4266.8988,3280.468429,3469.030786,2972.856027,2655.596135,5,4,0,0,0
06-12-2017,2859.974,2017,12,2,5138.934,5269.816,300.592,317.044,773.256,3524.834429,3752.033857,3001.923867,2748.549939,6,4,0,0,0
08-12-2017,4709.095,2017,12,4,2859.974,944.286,970.142,100.616,3810.464,3890.460429,3933.671714,3071.481133,2395.749158,8,4,0,0,0
09-12-2017,1855.483,2017,12,5,4709.095,5138.934,7365.455,6394.538,993.9,4424.596571,4262.848786,3101.4355,2024.124381,9,4,1,0,0
10-12-2017,3453.23,2017,12,6,1855.483,2859.974,4684.616,7978.551,479.97,3637.457714,3938.630571,3130.154933,1741.506065,10,4,1,0,0
11-12-2017,6102.25,2017,12,0,3453.23,4709.095,5269.816,8329.743,4723.478,3461.545429,3615.393357,3229.2636,1679.178554,11,4,0,0,0
12-12-2017,1874.045,2017,12,1,6102.25,1855.483,944.286,1305.769,4944.296,3580.464571,3456.286714,3275.222667,1849.42917,12,4,0,0,0
13-12-2017,1194.088,2017,12,2,1874.045,3453.23,5138.934,3428.372,4914.938,3713.287286,3496.877857,3172.880967,1651.326069,13,4,0,0,0
14-12-2017,828.654,2017,12,3,1194.088,6102.25,2859.974,300.592,2945.138,3149.737857,3337.286143,3048.852633,1753.66509,14,4,0,0,0
15-12-2017,2637.087,2017,12,4,828.654,1874.045,4709.095,970.142,2774.062,2859.549286,3375.004857,2978.303167,1964.944818,15,4,0,0,0
16-12-2017,628.542,2017,12,5,2637.087,1194.088,1855.483,7365.455,2145.718,2563.548143,3494.072357,2973.737333,1787.987798,16,4,1,0,0
17-12-2017,12185.134,2017,12,6,628.542,828.654,3453.23,4684.616,36.72,2388.270857,3012.864286,2923.1648,1923.938662,17,4,1,0,0
18-12-2017,7051.35,2017,12,0,12185.134,2637.087,6102.25,5269.816,142.684,3635.685714,3548.615571,3328.111933,4206.370615,18,4,0,0,0
19-12-2017,815.112,2017,12,1,7051.35,628.542,1874.045,944.286,3958.932,3771.271429,3675.868,3558.4008,4313.07047,19,4,0,0,0
20-12-2017,134.54,2017,12,2,815.112,12185.134,1194.088,5138.934,638.462,3619.995286,3666.641286,3453.6068,4408.224896,20,4,0,0,0
22-12-2017,1043.128,2017,12,4,134.54,7051.35,828.654,2859.974,3070.333,3468.631286,3309.184571,3436.8094,4522.124784,22,4,0,0,0
23-12-2017,6965.857,2017,12,5,1043.128,815.112,2637.087,4709.095,1176.891,3499.270429,3179.409857,3369.2359,4501.93829,23,4,1,0,0
24-12-2017,1938.26,2017,12,6,6965.857,134.54,628.542,1855.483,317.044,4117.666143,3340.607143,3562.201433,4658.355568,24,4,1,0,0
25-12-2017,10488.055,2017,12,0,1938.26,1043.128,12185.134,3453.23,100.616,4304.768714,3346.519786,3616.241967,4519.078664,25,4,0,0,0
26-12-2017,1829.418,2017,12,1,10488.055,6965.857,7051.35,6102.25,6394.538,4062.328857,3849.007286,3962.489933,4046.683096,26,4,0,0,0
27-12-2017,959.49,2017,12,2,1829.418,1938.26,815.112,1874.045,7978.551,3316.338571,3543.805,3810.319267,3881.795062,27,4,0,0,0
29-12-2017,1277.68,2017,12,4,959.49,10488.055,134.54,1194.088,8329.743,3336.964,3478.479643,3576.350567,3866.644118,29,4,0,0,0
30-12-2017,773.774,2017,12,5,1277.68,1829.418,1043.128,828.654,1305.769,3500.269714,3484.4505,3341.2818,3730.595802,30,4,1,0,0
31-12-2017,731.768,2017,12,6,773.774,959.49,6965.857,2637.087,3428.372,3461.790571,3480.5305,3323.548633,3761.425687,31,4,1,0,1
01-01-2018,1481.828,2018,1,0,731.768,1277.68,1938.26,628.542,300.592,2571.206429,3344.436286,3233.661833,3524.02469,1,1,0,1,0
02-01-2018,2079.554,2018,1,1,1481.828,773.774,10488.055,12185.134,970.142,2506.001857,3405.385286,3273.036367,3541.865394,2,1,0,0,0
03-01-2018,2070.272,2018,1,2,2079.554,731.768,1829.418,7051.35,7365.455,1304.787429,2683.558143,3310.016767,522.3561196,3,1,0,0,0
06-01-2018,33.74,2018,1,5,2070.272,1481.828,959.49,815.112,4684.616,1339.195143,2327.766857,3133.510667,568.5621706,6,1,1,0,0
07-01-2018,3395.59,2018,1,6,33.74,2079.554,1277.68,134.54,5269.816,1206.945143,2271.954571,2978.481467,750.2426661,7,1,1,0,0
08-01-2018,892.98,2018,1,0,3395.59,2070.272,773.774,1043.128,944.286,1509.503714,2504.886714,2916.007267,1119.639482,8,1,0,0,0
09-01-2018,274.491,2018,1,1,892.98,33.74,731.768,6965.857,5138.934,1526.533143,2494.161857,2914.297067,1107.424089,9,1,0,0,0
12-01-2018,848.52,2018,1,4,274.491,3395.59,1481.828,1938.26,2859.974,1461.207857,2016.207143,2752.148967,1173.62791,12,1,0,0,0
13-01-2018,4619.33,2018,1,5,848.52,892.98,2079.554,10488.055,4709.095,1370.735286,1938.368571,2685.1005,1195.970948,13,1,1,0,0
14-01-2018,697.338,2018,1,6,4619.33,274.491,2070.272,1829.418,1855.483,1733.560429,1519.173929,2682.108333,1718.115639,14,1,1,0,0
15-01-2018,2140.28,2018,1,0,697.338,848.52,33.74,959.49,3453.23,1537.427,1438.311071,2643.5035,1751.315319,15,1,0,0,0
16-01-2018,6230.292,2018,1,1,2140.28,4619.33,3395.59,1277.68,6102.25,1838.361286,1522.653214,2599.7385,1626.399865,16,1,0,0,0
19-01-2018,1376.535,2018,1,4,6230.292,697.338,892.98,773.774,1874.045,2243.318714,1876.411214,2604.006567,2294.457802,19,1,0,0,0
20-01-2018,767.838,2018,1,5,1376.535,2140.28,274.491,731.768,1194.088,2312.398,1919.465571,2587.4229,2253.948955,20,1,1,0,0
21-01-2018,2546.643,2018,1,6,767.838,6230.292,848.52,1481.828,828.654,2382.876143,1922.042,2573.214567,2186.3038,21,1,1,0,0
22-01-2018,4212.372,2018,1,0,2546.643,1376.535,4619.33,2079.554,2637.087,2625.465143,1998.100214,2630.480867,2079.26953,22,1,0,0,0
23-01-2018,450.334,2018,1,1,4212.372,767.838,697.338,2070.272,628.542,2567.328286,2150.444357,2682.990367,2019.046298,23,1,0,0,0
24-01-2018,418.666,2018,1,2,450.334,2546.643,2140.28,33.74,12185.134,2532.042,2034.7345,2677.0501,2058.938764,24,1,0,0,0
26-01-2018,3055.28,2018,1,4,418.666,4212.372,6230.292,3395.59,7051.35,2286.097143,2062.229214,2284.8345,2210.762747,26,1,0,0,0
27-01-2018,331.914,2018,1,5,3055.28,450.334,1376.535,892.98,815.112,1832.524,2037.921357,2151.632167,1467.407043,27,1,1,0,0
28-01-2018,1007.52,2018,1,6,331.914,418.666,767.838,274.491,134.54,1683.292429,1997.845214,2135.525567,1570.971809,28,1,1,0,0
29-01-2018,158.642,2018,1,0,1007.52,3055.28,2546.643,848.52,1043.128,1717.532714,2050.204429,2164.6249,1550.167697,29,1,0,0,0
30-01-2018,3749.335,2018,1,1,158.642,331.914,4212.372,4619.33,6965.857,1376.389714,2000.927429,2135.142033,1599.280354,30,1,0,0,0
02-02-2018,913.354,2018,2,4,3749.335,1007.52,450.334,697.338,1938.26,1310.241571,1938.784929,2027.924633,1466.494156,2,1,0,0,0
03-02-2018,922.327,2018,2,5,913.354,158.642,418.666,2140.28,10488.055,1376.387286,1954.214643,1993.7611,1431.262996,3,1,1,0,0
04-02-2018,32.67,2018,2,6,922.327,3749.335,3055.28,6230.292,1829.418,1448.338857,1867.218,1674.9035,1387.070298,4,1,1,0,0
05-02-2018,2263.012,2018,2,0,32.67,913.354,331.914,1376.535,959.49,1016.537429,1424.530714,1615.0119,1268.888965,5,1,0,0,0
06-02-2018,904.354,2018,2,1,2263.012,922.327,1007.52,767.838,1277.68,1292.408571,1487.8505,1658.462633,1304.65389,6,1,0,0,0
09-02-2018,773.764,2018,2,4,904.354,32.67,158.642,2546.643,773.774,1277.670571,1497.601643,1646.018433,1308.984022,9,1,0,0,0
10-02-2018,227.103,2018,2,5,773.764,2263.012,3749.335,4212.372,731.768,1365.545143,1370.967429,1646.0181,1240.179982,10,1,1,0,0
11-02-2018,1241.516,2018,2,6,227.103,904.354,913.354,450.334,1481.828,862.3691429,1086.305357,1629.195933,715.2589453,11,1,1,0,0
13-02-2018,1058.43,2018,2,1,1241.516,773.764,922.327,418.666,2079.554,909.2494286,1142.818357,1621.185533,729.7648832,13,1,0,0,0
16-02-2018,1337.442,2018,2,4,1058.43,227.103,32.67,3055.28,2070.272,928.6927143,1188.515786,1587.148067,731.981129,16,1,0,0,0
17-02-2018,2964.8174,2018,2,5,1337.442,1241.516,2263.012,331.914,33.74,1115.088714,1065.813071,1562.7204,623.9381955,17,1,1,0,0
18-02-2018,287.326,2018,2,6,2964.8174,1058.43,904.354,1007.52,3395.59,1215.346629,1253.8776,1660.42298,853.3463566,18,1,1,0,0
19-02-2018,1314.59,2018,2,0,287.326,1337.442,773.764,158.642,892.98,1127.199771,1202.435171,1556.81418,920.0830415,19,1,0,0,0
20-02-2018,1150.29,2018,2,1,1314.59,2964.8174,227.103,3749.335,274.491,1204.460629,1285.002886,1570.867847,908.0868527,20,1,0,0,0
21-02-2018,47.904,2018,2,2,1150.29,287.326,1241.516,913.354,848.52,1336.344486,1099.356814,1600.061147,803.5010322,21,1,0,0,0
23-02-2018,117.8,2018,2,4,47.904,1314.59,1058.43,922.327,4619.33,1165.828486,1037.538957,1573.373947,941.739521,23,1,0,0,0
24-02-2018,1448.676,2018,2,5,117.8,1150.29,1337.442,32.67,697.338,1031.452771,980.0727429,1423.322947,1023.203417,24,1,1,0,0
25-02-2018,430.492,2018,2,6,1448.676,47.904,2964.8174,2263.012,2140.28,1047.343343,1081.216029,1448.367547,1029.591314,25,1,1,0,0
26-02-2018,2467.51,2018,2,0,430.492,117.8,287.326,904.354,6230.292,685.2968571,950.3217429,1391.374613,598.1366697,26,1,0,0,0
28-02-2018,17.62,2018,2,2,2467.51,1448.676,1314.59,773.764,1376.535,996.7517143,1061.975743,1265.948547,864.6269755,28,1,0,0,1
02-03-2018,1450.126,2018,3,4,17.62,430.492,1150.29,227.103,767.838,811.4702857,1007.965457,1220.65138,922.2122067,2,1,0,0,0
03-03-2018,2000.104,2018,3,5,1450.126,2467.51,47.904,1241.516,2546.643,854.304,1095.324243,1243.394313,947.1968607,3,1,1,0,0
04-03-2018,228.822,2018,3,6,2000.104,17.62,117.8,1058.43,4212.372,1133.189714,1149.5091,1225.176347,957.5339286,4,1,1,0,0
05-03-2018,1240.02,2018,3,0,228.822,1450.126,1448.676,1337.442,450.334,1149.05,1090.251386,1092.391347,938.6454066,5,1,0,0,0
06-03-2018,778.236,2018,3,1,1240.02,2000.104,430.492,2964.8174,418.666,1119.242,1083.292671,1118.714213,930.8250265,6,1,0,0,0
07-03-2018,166.59,2018,3,2,778.236,228.822,2467.51,287.326,3055.28,1168.919714,927.1082857,1130.69988,896.5902801,7,1,0,0,0
08-03-2018,843.1,2018,3,3,166.59,1240.02,17.62,1314.59,331.914,840.2168571,918.4842857,1034.410213,751.1384615,8,1,0,0,0
09-03-2018,710.804,2018,3,4,843.1,778.236,1450.126,1150.29,1007.52,958.1425714,884.8064286,1051.449747,659.7033846,9,1,0,0,0
10-03-2018,1252.952,2018,3,5,710.804,166.59,2000.104,47.904,158.642,852.5251429,853.4145714,1041.559213,626.1382596,10,1,1,0,0
11-03-2018,1973.708,2018,3,6,1252.952,843.1,228.822,117.8,3749.335,745.7891429,939.4894286,1078.036213,431.2677319,11,1,1,0,0
12-03-2018,353.28,2018,3,0,1973.708,710.804,1240.02,1448.676,913.354,995.0585714,1072.054286,1018.848647,565.9113735,12,1,0,0,0
13-03-2018,4791.35,2018,3,1,353.28,1252.952,778.236,430.492,922.327,868.3814286,993.8117143,1000.179513,600.1497091,13,1,0,0,0
14-03-2018,49.616,2018,3,2,4791.35,1973.708,166.59,2467.51,32.67,1441.683429,1305.301571,1129.146947,1593.837506,14,1,0,0,0
16-03-2018,2014.381,2018,3,4,49.616,353.28,843.1,17.62,2263.012,1424.972857,1132.594857,1129.711813,1609.965928,16,1,0,0,0
17-03-2018,542.746,2018,3,5,2014.381,4791.35,710.804,1450.126,904.354,1592.298714,1275.220643,1121.424113,1600.249047,17,1,1,0,0
18-03-2018,1027.758,2018,3,6,542.746,49.616,1252.952,2000.104,773.764,1568.290429,1210.407786,1109.370513,1616.852666,18,1,1,0,0
19-03-2018,2157.308,2018,3,0,1027.758,2014.381,1973.708,228.822,227.103,1536.119857,1140.9545,1117.83698,1626.384929,19,1,0,0,0
20-03-2018,899.568,2018,3,1,2157.308,542.746,353.28,1240.02,1241.516,1562.348429,1278.7035,1182.177147,1636.06965,20,1,0,0,0
21-03-2018,3332.636,2018,3,2,899.568,1027.758,4791.35,778.236,1058.43,1640.389571,1254.3855,1170.77888,1580.882764,21,1,0,0,0
23-03-2018,14816.068,2018,3,4,3332.636,2157.308,49.616,166.59,1337.442,1432.001857,1436.842643,1246.585747,1127.409284,23,1,0,0,0
24-03-2018,1257.298,2018,3,5,14816.068,899.568,2014.381,843.1,2964.8174,3541.495,2483.233929,1695.87328,5061.271526,24,1,1,0,0
25-03-2018,3567.026,2018,3,6,1257.298,3332.636,542.746,710.804,287.326,3433.340286,2512.8195,1638.955967,5107.223862,25,1,1,0,0
26-03-2018,3252.88,2018,3,0,3567.026,14816.068,1027.758,1252.952,1314.59,3865.380286,2716.835357,1748.2793,4947.358556,26,1,0,0,0
27-03-2018,2933.516,2018,3,1,3252.88,1257.298,2157.308,1973.708,1150.29,4183.254857,2859.687357,1812.888967,4804.058817,27,1,0,0,0
28-03-2018,1504.702,2018,3,2,2933.516,3567.026,899.568,353.28,47.904,4294.141714,2928.245071,1872.329833,4758.242007,28,1,0,0,0
29-03-2018,81.4,2018,3,3,1504.702,3252.88,3332.636,4791.35,117.8,4380.589429,3010.4895,1920.889767,4691.317028,29,1,0,0,0
30-03-2018,656.407,2018,3,4,81.4,2933.516,14816.068,49.616,1448.676,3916.127143,2674.0645,1919.676433,4965.304281,30,1,0,0,0
31-03-2018,4981.0108,2018,3,5,656.407,1504.702,1257.298,2014.381,430.492,1893.318429,2717.406714,1893.267467,1360.162899,31,1,1,0,1
01-04-2018,5972.988,2018,4,6,4981.0108,81.4,3567.026,542.746,2467.51,2425.2774,2929.308843,2044.951427,1743.976225,1,2,1,1,0
02-04-2018,822.97,2018,4,0,5972.988,656.407,3252.88,1027.758,17.62,2768.986257,3317.183271,2161.800693,2187.252029,2,2,0,0,0
03-04-2018,32.528,2018,4,1,822.97,4981.0108,2933.516,2157.308,1450.126,2421.856257,3302.555557,2188.645693,2288.149182,3,2,0,0,0
04-04-2018,808.47,2018,4,2,32.528,5972.988,1504.702,899.568,2000.104,2007.4294,3150.785557,2141.392427,2437.847636,4,2,0,0,0
06-04-2018,114.42,2018,4,4,808.47,822.97,81.4,3332.636,228.822,1907.967686,3144.278557,2101.671293,2475.685998,6,2,0,0,0
07-04-2018,1971.2905,2018,4,5,114.42,32.528,656.407,14816.068,1240.02,1912.684829,2914.405986,2097.857893,2471.653798,7,2,1,0,0
08-04-2018,6401.93,2018,4,6,1971.2905,808.47,4981.0108,1257.298,778.236,2100.525329,1996.921879,2122.233577,2409.44832,8,2,1,0,0
09-04-2018,1626.71,2018,4,0,6401.93,114.42,5972.988,3567.026,166.59,2303.513786,2364.395593,2309.690043,2730.967553,9,2,0,0,0
10-04-2018,755.529,2018,4,1,1626.71,1971.2905,822.97,3252.88,843.1,1682.616929,2225.801593,2358.36071,2200.133884,10,2,0,0,0
11-04-2018,319.806,2018,4,2,755.529,6401.93,32.528,2933.516,710.804,1672.9825,2047.419379,2355.441677,2204.668686,11,2,0,0,0
12-04-2018,69.66,2018,4,3,319.806,1626.71,808.47,1504.702,1252.952,1714.022214,1860.725807,2342.40841,2171.466093,12,2,0,0,0
13-04-2018,1345.824,2018,4,4,69.66,755.529,114.42,81.4,1973.708,1608.477929,1758.222807,2302.965343,2239.699201,13,2,0,0,0
14-04-2018,652.93,2018,4,5,1345.824,319.806,1971.2905,656.407,353.28,1784.392786,1848.538807,2282.035877,2149.32822,14,2,1,0,0
15-04-2018,332.338,2018,4,6,652.93,69.66,6401.93,4981.0108,4791.35,1596.055571,1848.29045,2292.02421,2187.64149,15,2,1,0,0
16-04-2018,944.429,2018,4,0,332.338,1345.824,1626.71,5972.988,49.616,728.971,1516.242393,2143.390477,570.4318869,16,2,0,0,0
17-04-2018,3431.459,2018,4,1,944.429,652.93,755.529,822.97,2014.381,631.5022857,1157.059607,2173.217577,433.2707028,17,2,0,0,0
20-04-2018,1053.614,2018,4,4,3431.459,332.338,319.806,32.528,542.746,1013.778,1343.38025,2220.45351,1149.47618,20,2,0,0,0
21-04-2018,1254.564,2018,4,5,1053.614,944.429,69.66,808.47,1027.758,1118.607714,1416.314964,2237.482443,1108.364999,21,2,1,0,0
22-04-2018,947.692,2018,4,6,1254.564,3431.459,1345.824,114.42,2157.308,1287.879714,1448.178821,2245.042643,1007.344658,22,2,1,0,0
23-04-2018,1199.222,2018,4,0,947.692,1053.614,652.93,1971.2905,899.568,1231.003714,1507.69825,2204.72211,1014.740159,23,2,0,0,0
24-04-2018,928.558,2018,4,1,1199.222,1254.564,332.338,6401.93,3332.636,1309.045429,1452.5505,2214.710577,983.3948712,24,2,0,0,0
25-04-2018,678.113,2018,4,2,928.558,947.692,944.429,1626.71,14816.068,1394.219714,1061.595357,2134.574643,907.5997195,25,2,0,0,0
26-04-2018,61.608,2018,4,3,678.113,1199.222,3431.459,755.529,1257.298,1356.174571,993.8384286,1663.309477,934.7716847,26,2,0,0,0
27-04-2018,576.5756,2018,4,4,61.608,928.558,1053.614,319.806,3567.026,874.7672857,944.2726429,1623.453143,406.1229165,27,2,0,0,0
28-04-2018,795.296,2018,4,5,576.5756,678.113,1254.564,69.66,3252.88,806.6189429,962.6133286,1523.771463,411.1037375,28,2,1,0,0
29-04-2018,1053.26,2018,4,6,795.296,61.608,947.692,1345.824,2933.516,741.0092286,1014.444471,1441.851997,361.3351838,29,2,1,0,0
30-04-2018,1390.126,2018,4,0,1053.26,576.5756,1199.222,652.93,1504.702,756.0903714,993.5470429,1379.176797,373.4008973,30,2,0,0,1
01-05-2018,4108.37,2018,5,1,1390.126,795.296,928.558,332.338,81.4,783.3623714,1046.2039,1375.357597,415.7320019,1,2,0,1,0
02-05-2018,399.11,2018,5,2,4108.37,1053.26,678.113,944.429,656.407,1237.621229,1315.920471,1509.58993,1330.860297,2,2,0,0,0
03-05-2018,1386.346,2018,5,3,399.11,1390.126,61.608,3431.459,4981.0108,1197.763657,1276.969114,1501.013363,1354.379687,3,2,0,0,0
04-05-2018,1146.245,2018,5,4,1386.346,4108.37,576.5756,1053.614,5972.988,1387.011943,1130.889614,1381.191203,1258.310723,4,2,0,0,0
05-05-2018,185.123,2018,5,5,1146.245,399.11,795.296,1254.564,822.97,1468.393286,1137.506114,1220.29977,1214.830334,5,2,1,0,0
06-05-2018,2991.4018,2018,5,6,185.123,1386.346,1053.26,947.692,32.528,1381.225714,1061.117471,1199.038203,1290.698249,6,2,1,0,0
07-05-2018,2549.468,2018,5,0,2991.4018,1146.245,1390.126,1199.222,808.47,1658.103114,1207.096743,1297.66733,1410.903355,7,2,0,0,0
08-05-2018,3658.554,2018,5,1,2549.468,185.123,4108.37,928.558,114.42,1823.7234,1303.542886,1355.700597,1441.908385,8,2,0,0,0
09-05-2018,1078.222,2018,5,2,3658.554,2991.4018,399.11,678.113,1971.2905,1759.463971,1498.5426,1473.838397,1328.701563,9,2,0,0,0
11-05-2018,449.469,2018,5,4,1078.222,2549.468,1386.346,61.608,6401.93,1856.479971,1527.121814,1444.069447,1234.256188,11,2,0,0,0
12-05-2018,970.384,2018,5,5,449.469,3658.554,1146.245,576.5756,1626.71,1722.6404,1554.826171,1245.65408,1339.999548,12,2,1,0,0
13-05-2018,3066.378,2018,5,6,970.384,1078.222,185.123,795.296,755.529,1697.5174,1582.955343,1223.776547,1354.180725,13,2,1,0,0
14-05-2018,4182.062,2018,5,0,3066.378,449.469,2991.4018,1053.26,319.806,2109.125257,1745.175486,1300.804847,1251.887105,14,2,0,0,0
15-05-2018,421.264,2018,5,1,4182.062,970.384,2549.468,1390.126,69.66,2279.219571,1968.661343,1429.546713,1455.990971,15,2,0,0,0
16-05-2018,221.024,2018,5,2,421.264,3066.378,3658.554,4108.37,1345.824,1975.190429,1899.456914,1441.266847,1604.752676,16,2,0,0,0
18-05-2018,1830.508,2018,5,4,221.024,4182.062,1078.222,399.11,652.93,1484.114714,1621.789343,1403.773513,1527.889958,18,2,0,0,0
19-05-2018,4919.182,2018,5,5,1830.508,421.264,449.469,1386.346,332.338,1591.584143,1724.032057,1443.026113,1521.023669,19,2,1,0,0
20-05-2018,2997.578,2018,5,6,4919.182,221.024,970.384,1146.245,944.429,2230.114571,1976.377486,1595.920913,1861.697736,20,2,1,0,0
21-05-2018,538.02,2018,5,0,2997.578,1830.508,3066.378,185.123,3431.459,2519.713714,2108.615557,1664.359213,1789.344206,21,2,0,0,0
22-05-2018,336.562,2018,5,1,538.02,4919.182,4182.062,2991.4018,1053.614,2158.519714,2133.822486,1567.911247,1911.611733,22,2,0,0,0
23-05-2018,241.436,2018,5,2,336.562,2997.578,421.264,2549.468,1254.564,1609.162571,1944.191071,1544.009513,1781.282785,23,2,0,0,0
25-05-2018,886.026,2018,5,4,241.436,538.02,221.024,3658.554,947.692,1583.472857,1779.331643,1510.23858,1802.441094,25,2,0,0,0
26-05-2018,270.24,2018,5,5,886.026,336.562,1830.508,1078.222,1199.222,1678.473143,1581.293929,1508.183047,1734.923304,26,2,1,0,0
27-05-2018,2084.908,2018,5,6,270.24,241.436,4919.182,449.469,928.558,1455.577714,1523.580929,1477.21698,1810.708085,27,2,1,0,0
28-05-2018,1480.103,2018,5,0,2084.908,886.026,2997.578,970.384,678.113,1050.681429,1640.398,1515.76198,1074.235973,28,2,0,0,0
29-05-2018,691.108,2018,5,1,1480.103,270.24,538.02,3066.378,61.608,833.8992857,1676.8065,1542.49498,705.8012823,29,2,0,0,0
30-05-2018,736.8904,2018,5,2,691.108,2084.908,336.562,4182.062,576.5756,855.769,1507.144357,1563.478313,697.427357,30,2,0,0,0
01-06-2018,586.042,2018,6,4,736.8904,1480.103,241.436,421.264,795.296,912.9587714,1261.060671,1568.82214,663.3363944,1,2,0,1,0
02-06-2018,135.706,2018,6,5,586.042,691.108,886.026,221.024,1053.26,962.1882,1272.830529,1561.847007,616.3140459,2,2,1,0,0
03-06-2018,2952.036,2018,6,6,135.706,736.8904,270.24,1830.508,1390.126,854.9996286,1266.736386,1531.261873,692.327528,3,2,1,0,0
04-06-2018,279.414,2018,6,0,2952.036,586.042,2084.908,4919.182,4108.37,1238.113343,1346.845529,1583.32554,991.9752458,4,2,0,0,0
05-06-2018,491.112,2018,6,1,279.414,135.706,1480.103,2997.578,399.11,980.1856286,1015.433529,1455.693673,969.5742732,5,2,0,0,0
06-06-2018,31.35,2018,6,2,491.112,2952.036,691.108,538.02,1386.346,838.9012,836.4002429,1458.760407,956.555647,6,2,0,0,0
08-06-2018,2227.038,2018,6,4,31.35,279.414,736.8904,336.562,1146.245,744.6500571,800.2095286,1413.593873,1004.83045,8,2,0,0,0
09-06-2018,939.133,2018,6,5,2227.038,491.112,586.042,241.436,185.123,957.5282857,935.2435286,1449.620307,1150.239049,9,2,1,0,0
10-06-2018,2513.343,2018,6,6,939.133,31.35,135.706,886.026,2991.4018,1007.969857,985.0790286,1474.753973,1138.91945,10,2,1,0,0
11-06-2018,1580.894,2018,6,0,2513.343,2227.038,2952.036,270.24,2549.468,1347.632286,1101.315957,1458.81868,1188.874481,11,2,0,0,0
12-06-2018,1679.968,2018,6,1,1580.894,939.133,279.414,2084.908,3658.554,1151.754857,1194.9341,1426.53288,974.0173823,12,2,0,0,0
13-06-2018,1156.018,2018,6,2,1679.968,2513.343,491.112,1480.103,1078.222,1351.834,1166.009814,1360.580013,906.4645677,13,2,0,0,0
15-06-2018,4057.51,2018,6,4,1156.018,1580.894,31.35,691.108,449.469,1446.820571,1142.860886,1363.173213,833.107884,15,2,0,0,0
16-06-2018,2724.194,2018,6,5,4057.51,1679.968,2227.038,736.8904,970.384,2021.986286,1383.318171,1483.441247,1053.63226,16,2,1,0,0
17-06-2018,3896.672,2018,6,6,2724.194,1156.018,939.133,586.042,3066.378,2093.008571,1525.268429,1541.90158,1086.01611,17,2,1,0,0
18-06-2018,1031.1555,2018,6,0,3896.672,4057.51,2513.343,135.706,4182.062,2515.514143,1761.742,1569.578047,1136.425843,18,2,0,0,0
19-06-2018,1900.193,2018,6,1,1031.1555,2724.194,1580.894,2952.036,421.264,2303.773071,1825.702679,1464.54783,1267.42903,19,2,0,0,0
20-06-2018,1028.228,2018,6,2,1900.193,3896.672,1679.968,279.414,221.024,2349.387214,1750.571036,1513.845463,1242.579055,20,2,0,0,0
21-06-2018,595.656,2018,6,3,1028.228,1031.1555,1156.018,491.112,1830.508,2256.2815,1804.05775,1540.752263,1322.918183,21,2,0,0,0
22-06-2018,579.019,2018,6,4,595.656,1900.193,4057.51,31.35,4919.182,2176.229786,1811.525179,1499.59053,1414.385288,22,2,0,0,0
24-06-2018,1184.684,2018,6,6,579.019,1028.228,2724.194,2227.038,2997.578,1679.3025,1850.644393,1354.91843,1244.06755,24,2,1,0,0
25-06-2018,1508.352,2018,6,0,1184.684,595.656,3896.672,939.133,538.02,1459.3725,1776.190536,1294.48863,1161.930089,25,2,0,0,0
26-06-2018,4224.136,2018,6,1,1508.352,579.019,1031.1555,2513.343,336.562,1118.183929,1816.849036,1326.83303,473.9183903,26,2,0,0,0
27-06-2018,1644.906,2018,6,2,4224.136,1184.684,1900.193,1580.894,241.436,1574.324,1939.048536,1456.41883,1260.324681,27,2,0,0,0
29-06-2018,4521.9912,2018,6,4,1644.906,1508.352,1028.228,1679.968,886.026,1537.854429,1943.620821,1503.201163,1252.995798,29,2,0,0,0
30-06-2018,4721.977,2018,6,5,4521.9912,4224.136,595.656,1156.018,270.24,2036.963457,2146.622479,1624.400003,1649.321842,30,2,1,0,1
01-07-2018,639.83,2018,7,6,4721.977,1644.906,579.019,4057.51,2084.908,2626.437886,2401.333836,1772.791237,1780.502975,1,3,1,1,0
02-07-2018,169.192,2018,7,0,639.83,4521.9912,1184.684,2724.194,1480.103,2635.125171,2157.213836,1724.62197,1768.959373,2,3,0,0,0
03-07-2018,6963.404,2018,7,1,169.192,4721.977,1508.352,3896.672,691.108,2490.054886,1974.713693,1680.924937,1941.006297,3,3,0,0,0
05-07-2018,476.354,2018,7,3,6963.404,639.83,4224.136,1031.1555,736.8904,3269.348029,2193.765979,1890.00147,2496.699815,5,3,0,0,0
06-07-2018,380.378,2018,7,4,476.354,169.192,1644.906,1900.193,586.042,2733.9506,2154.1373,1881.316923,2654.672062,6,3,0,0,0
07-07-2018,1620.25,2018,7,5,380.378,6963.404,4521.9912,1028.228,135.706,2553.303743,2045.579086,1874.461457,2781.143511,7,3,1,0,0
08-07-2018,1980.264,2018,7,6,1620.25,476.354,4721.977,595.656,2952.036,2138.769286,2087.866371,1923.946257,2652.060288,8,3,1,0,0
09-07-2018,1671.214,2018,7,0,1980.264,380.378,639.83,579.019,279.414,1747.096,2186.766943,1891.553857,2397.180591,9,3,0,0,0
10-07-2018,359.214,2018,7,1,1671.214,1620.25,169.192,1184.684,491.112,1894.436571,2264.780871,1937.94719,2348.992837,10,3,0,0,0
11-07-2018,1728.892,2018,7,2,359.214,1980.264,6963.404,1508.352,31.35,1921.582571,2205.818729,1933.55059,2326.724639,11,3,0,0,0
12-07-2018,3.816,2018,7,3,1728.892,1671.214,476.354,4224.136,2227.038,1173.795143,2221.571586,1990.135323,728.5544301,12,3,0,0,0
13-07-2018,504.542,2018,7,4,3.816,359.214,380.378,1644.906,939.133,1106.289714,1920.120157,1916.027923,820.0891733,13,3,0,0,0
14-07-2018,3598.934,2018,7,5,504.542,1728.892,1620.25,4521.9912,2513.343,1124.027429,1838.665586,1901.541557,802.9349934,14,3,1,0,0
15-07-2018,2132.229,2018,7,6,3598.934,3.816,1980.264,4721.977,1580.894,1406.696571,1772.732929,1937.727923,1237.459791,15,3,1,0,0
16-07-2018,74.284,2018,7,0,2132.229,504.542,1671.214,639.83,1679.968,1428.405857,1587.750929,1956.105757,1250.463852,16,3,0,0,0
17-07-2018,2191.873,2018,7,1,74.284,3598.934,359.214,169.192,1156.018,1200.273,1547.354786,1902.582957,1341.164735,17,3,0,0,0
18-07-2018,2106.794,2018,7,2,2191.873,2132.229,1728.892,6963.404,4057.51,1462.081429,1691.832,1937.111457,1328.434029,18,3,0,0,0
20-07-2018,2283.208,2018,7,4,2106.794,74.284,3.816,476.354,2724.194,1516.067429,1344.931286,1872.08759,1348.609581,20,3,0,0,0
21-07-2018,3683.832,2018,7,5,2283.208,2191.873,504.542,380.378,3896.672,1841.694857,1473.992286,1857.388057,1188.265861,21,3,1,0,0
22-07-2018,556.314,2018,7,6,3683.832,2106.794,3598.934,1620.25,1031.1555,2295.879143,1709.953286,1850.29339,1199.538972,22,3,1,0,0
23-07-2018,898.188,2018,7,0,556.314,2283.208,2132.229,1980.264,1900.193,1861.219143,1633.957857,1834.46534,1199.930011,23,3,0,0,0
24-07-2018,2399.96,2018,7,1,898.188,3683.832,74.284,1671.214,1028.228,1684.927571,1556.666714,1801.065173,1243.343865,24,3,0,0,0
25-07-2018,798.742,2018,7,2,2399.96,556.314,2191.873,359.214,595.656,2017.167,1608.72,1846.789573,1034.395249,25,3,0,0,0
26-07-2018,2012.302,2018,7,3,798.742,898.188,2106.794,1728.892,579.019,1818.148286,1640.114857,1853.559107,1125.212524,26,3,0,0,0
27-07-2018,947.832,2018,7,4,2012.302,2399.96,2283.208,3.816,1184.684,1804.649429,1660.358429,1901.335207,1121.73401,27,3,0,0,0
28-07-2018,1170.564,2018,7,5,947.832,798.742,3683.832,504.542,1508.352,1613.881429,1727.788143,1893.44014,1140.182289,28,3,1,0,0
29-07-2018,1391.294,2018,7,6,1170.564,2012.302,556.314,3598.934,4224.136,1254.843143,1775.361143,1882.18054,684.2964099,29,3,1,0,0
30-07-2018,523.376,2018,7,0,1391.294,947.832,898.188,2132.229,1644.906,1374.126,1617.672571,1787.752473,611.0982644,30,3,0,0,0
31-07-2018,1558.028,2018,7,1,523.376,1170.564,2399.96,74.284,4521.9912,1320.581429,1502.7545,1750.36814,673.0324369,31,3,0,0,1
01-08-2018,2085.65,2018,8,2,1558.028,1391.294,798.742,2191.873,4721.977,1200.305429,1608.736214,1651.569367,501.3140279,1,3,0,1,0
03-08-2018,514.828,2018,8,4,2085.65,523.376,2012.302,2106.794,639.83,1384.149429,1601.148857,1563.6918,561.8253044,3,3,0,0,0
04-08-2018,20.07,2018,8,5,514.828,1558.028,947.832,2283.208,169.192,1170.224571,1487.437,1559.525067,567.8443475,4,3,1,0,0
05-08-2018,503.676,2018,8,6,20.07,2085.65,1170.564,3683.832,6963.404,1037.687143,1325.784286,1554.554333,717.0677688,5,3,1,0,0
06-08-2018,1424.026,2018,8,0,503.676,514.828,1391.294,556.314,476.354,942.4174286,1098.630286,1339.230067,740.3934228,6,3,0,0,0
07-08-2018,3479.624,2018,8,1,1424.026,20.07,523.376,898.188,380.378,947.0934286,1160.609714,1370.819133,743.7963552,7,3,0,0,0
10-08-2018,1823.07,2018,8,4,3479.624,503.676,1558.028,2399.96,1620.25,1369.414571,1344.998,1474.127333,1176.512269,10,3,0,0,0
11-08-2018,708.726,2018,8,5,1823.07,1424.026,2085.65,798.742,1980.264,1407.277714,1303.791571,1480.888,1187.80467,11,3,1,0,0
12-08-2018,3693.084,2018,8,6,708.726,3479.624,514.828,2012.302,1671.214,1210.574286,1297.361857,1438.5034,1170.627999,12,3,1,0,0
13-08-2018,2643.164,2018,8,0,3693.084,1823.07,20.07,947.832,359.214,1664.610857,1417.417714,1505.899067,1440.94683,13,3,0,0,0
14-08-2018,440.736,2018,8,1,2643.164,708.726,503.676,1170.564,1728.892,2039.338571,1538.512857,1582.030733,1273.320607,14,3,0,0,0
15-08-2018,1949.872,2018,8,2,440.736,3693.084,1424.026,1391.294,3.816,2030.347143,1486.382286,1539.0922,1286.129655,15,3,0,0,0
16-08-2018,80.564,2018,8,3,1949.872,2643.164,3479.624,523.376,504.542,2105.468,1526.280714,1603.960733,1259.9025,16,3,0,0,0
17-08-2018,9517.288,2018,8,4,80.564,440.736,1823.07,1558.028,3598.934,1619.888,1494.651286,1589.828133,1296.50439,17,3,0,0,0
18-08-2018,7078.484,2018,8,5,9517.288,1949.872,708.726,2085.65,2132.229,2719.062,2063.169857,1787.1066,3264.860928,18,3,1,0,0
19-08-2018,512.446,2018,8,6,7078.484,80.564,3693.084,514.828,74.284,3629.027429,2419.800857,1951.981767,3491.006327,19,3,1,0,0
20-08-2018,692.95,2018,8,0,512.446,9517.288,2643.164,20.07,2191.873,3174.650571,2419.630714,1966.587167,3682.990617,20,3,0,0,0
21-08-2018,8284.534,2018,8,1,692.95,7078.484,440.736,503.676,2106.794,2896.048571,2467.693571,1916.623067,3801.744019,21,3,0,0,0
22-08-2018,524.54,2018,8,2,8284.534,512.446,1949.872,1424.026,2283.208,4016.591143,3023.469143,2122.547733,4101.573912,22,3,0,0,0
23-08-2018,4590.344,2018,8,3,524.54,692.95,80.564,3479.624,3683.832,3812.972286,2959.220143,2063.925467,4253.82808,23,3,0,0,0
24-08-2018,685.056,2018,8,4,4590.344,8284.534,9517.288,1823.07,556.314,4457.226571,3038.557286,2094.142533,3922.973152,24,3,0,0,0
25-08-2018,361.988,2018,8,5,685.056,524.54,7078.484,708.726,898.188,3195.479143,2957.270571,2098.433933,3411.239102,25,3,1,0,0
26-08-2018,190.66,2018,8,6,361.988,4590.344,512.446,3693.084,2399.96,2235.979714,2932.503571,2080.5606,3063.924077,26,3,1,0,0
27-08-2018,6190.538,2018,8,0,190.66,685.056,692.95,2643.164,798.742,2190.010286,2682.330429,2006.917267,3096.335373,27,3,0,0,0
28-08-2018,1443.632,2018,8,1,6190.538,361.988,8284.534,440.736,2012.302,2975.38,2935.714286,2186.6438,3340.886854,28,3,0,0,0
29-08-2018,235.468,2018,8,2,1443.632,190.66,524.54,1949.872,947.832,1998.108286,3007.349714,2167.688133,2395.92938,29,3,0,0,0
31-08-2018,3162.83,2018,8,4,235.468,6190.538,4590.344,80.564,1170.564,1956.812286,2884.892286,2143.942667,2427.839414,31,3,0,0,1
01-09-2018,1261.81,2018,9,5,3162.83,1443.632,685.056,9517.288,1391.294,1752.881714,3105.054143,2210.351533,2220.897004,1,3,1,1,0
02-09-2018,8652.334,2018,9,6,1261.81,235.468,361.988,7078.484,523.376,1835.275143,2515.377143,2206.0354,2185.088859,2,3,1,0,0
03-09-2018,1595.849,2018,9,0,8652.334,3162.83,190.66,512.446,1558.028,3019.610286,2627.795,2477.000667,3243.733659,3,3,0,0,0
04-09-2018,5360.202,2018,9,1,1595.849,1261.81,6190.538,692.95,2085.65,3220.351571,2705.180929,2478.261367,3078.768837,4,3,0,0,0
05-09-2018,327.044,2018,9,2,5360.202,8652.334,1443.632,8284.534,514.828,3101.732143,3038.556071,2587.4131,2958.923334,5,3,0,0,0
07-09-2018,3848.565,2018,9,4,327.044,1595.849,235.468,524.54,20.07,2942.219571,2470.163929,2581.153633,3090.384338,7,3,0,0,0
08-09-2018,2184.327,2018,9,5,3848.565,5360.202,3162.83,4590.344,503.676,3458.376286,2707.594286,2708.770133,2855.780274,8,3,1,0,0
09-09-2018,4356.061,2018,9,6,2184.327,327.044,1261.81,685.056,1424.026,3318.590143,2535.735929,2764.791833,2896.318314,9,3,1,0,0
10-09-2018,2506.646,2018,9,0,4356.061,3848.565,8652.334,361.988,3479.624,3760.626,2797.950571,2862.526333,2763.156106,10,3,0,0,0
11-09-2018,5564.006,2018,9,1,2506.646,2184.327,1595.849,190.66,1823.07,2882.670571,2951.140429,2830.093733,1734.849106,11,3,0,0,0
12-09-2018,491.55,2018,9,2,5564.006,4356.061,5360.202,6190.538,708.726,3449.550143,3334.950857,2954.7916,1886.018351,12,3,0,0,0
13-09-2018,15.92,2018,9,3,491.55,2506.646,327.044,1443.632,3693.084,2754.028429,2927.880286,2947.5524,1960.242862,13,3,0,0,0
14-09-2018,3471.403,2018,9,4,15.92,5564.006,3848.565,235.468,2643.164,2709.582143,2825.900857,2824.980267,2026.839432,14,3,0,0,0
15-09-2018,7285.026,2018,9,5,3471.403,491.55,2184.327,3162.83,440.736,2655.701857,3057.039071,2852.588233,1996.298073,15,3,1,0,0
16-09-2018,831.65,2018,9,6,7285.026,15.92,4356.061,1261.81,1949.872,3384.373143,3351.481643,3080.731233,2626.878719,16,3,1,0,0
17-09-2018,4979.226,2018,9,0,831.65,3471.403,2506.646,8652.334,80.564,2880.885857,3320.755929,3043.457167,2744.712276,17,3,0,0,0
18-09-2018,1511.93,2018,9,1,4979.226,7285.026,5564.006,1595.849,9517.288,3234.111571,3058.391071,3206.7459,2845.76498,18,3,0,0,0
19-09-2018,1648.188,2018,9,2,1511.93,831.65,491.55,5360.202,7078.484,2655.243571,3052.396857,2939.900633,2701.300739,19,3,0,0,0
20-09-2018,7359.918,2018,9,3,1648.188,4979.226,15.92,327.044,512.446,2820.477571,2787.253,2758.890767,2579.522864,20,3,0,0,0
21-09-2018,338.172,2018,9,4,7359.918,1511.93,3471.403,3848.565,692.95,3869.620143,3289.601143,2987.139833,2737.38636,21,3,0,0,0
22-09-2018,7871.213,2018,9,5,338.172,1648.188,7285.026,2184.327,8284.534,3422.015714,3038.858786,2975.3139,3051.497052,22,3,1,0,0
23-09-2018,2395.786,2018,9,6,7871.213,7359.918,831.65,4356.061,524.54,3505.756714,3445.064929,2961.536533,3180.493297,23,3,1,0,0
24-09-2018,6450.462,2018,9,0,2395.786,338.172,4979.226,2506.646,4590.344,3729.204714,3305.045286,3023.9114,3011.779952,24,3,0,0,0
25-09-2018,1412.213,2018,9,1,6450.462,7871.213,1511.93,5564.006,685.056,3939.381286,3586.746429,3085.915333,3161.180674,25,3,0,0,0
26-09-2018,1486.576,2018,9,2,1412.213,2395.786,1648.188,491.55,361.988,3925.136,3290.189786,3110.1539,3174.140798,26,3,0,0,0
28-09-2018,559.271,2018,9,4,1486.576,6450.462,7359.918,15.92,190.66,3902.048571,3361.263071,3147.640167,3193.988372,28,3,0,0,0
29-09-2018,1846.78,2018,9,5,559.271,1412.213,338.172,3471.403,6190.538,2930.527571,3400.073857,3159.9272,2994.987475,29,3,1,0,0
30-09-2018,540.76,2018,9,6,1846.78,1486.576,7871.213,7285.026,1443.632,3146.043,3284.029357,3015.135267,2826.91743,30,3,1,0,1
01-10-2018,2978.466,2018,10,0,540.76,559.271,2395.786,831.65,235.468,2098.835429,2802.296071,2985.039533,2030.292879,1,4,0,1,0
02-10-2018,5418.022,2018,10,1,2978.466,1846.78,6450.462,4979.226,3162.83,2182.075429,2955.640071,3076.4728,2056.275073,2,4,0,0,0
03-10-2018,2504.48,2018,10,2,5418.022,540.76,1412.213,1511.93,1261.81,2034.584,2986.982643,3151.645867,1706.338834,3,4,0,0,0
04-10-2018,19.98,2018,10,3,2504.48,2978.466,1486.576,1648.188,8652.334,2190.622143,3057.879071,3193.0682,1689.801496,4,4,0,0,0
05-10-2018,6684.616,2018,10,4,19.98,5418.022,559.271,7359.918,1595.849,1981.108429,2941.5785,2905.323067,1872.667836,5,4,0,0,0
06-10-2018,1180.82,2018,10,5,6684.616,2504.48,1846.78,338.172,5360.202,2856.157714,2893.342643,3074.948633,2442.085583,6,4,1,0,0
07-10-2018,2749.21,2018,10,6,1180.82,19.98,540.76,7871.213,327.044,2761.020571,2953.531786,2935.6359,2500.241572,7,4,1,0,0
08-10-2018,608.356,2018,10,0,2749.21,6684.616,2978.466,2395.786,3848.565,3076.513429,2587.674429,3016.374767,2305.10592,8,4,0,0,0
09-10-2018,1496.589,2018,10,1,608.356,1180.82,5418.022,6450.462,2184.327,2737.926286,2460.000857,2908.3678,2488.66694,9,4,0,0,0
10-10-2018,239.358,2018,10,2,1496.589,2749.21,2504.48,1412.213,4356.061,2177.721571,2106.152786,2885.4432,2210.655212,10,4,0,0,0
12-10-2018,5625.394,2018,10,4,239.358,608.356,19.98,1486.576,2506.646,1854.132714,2022.377429,2748.219767,2318.02692,12,4,0,0,0
13-10-2018,8405.802,2018,10,5,5625.394,1496.589,6684.616,559.271,5564.006,2654.906143,2318.007286,2852.178033,2536.701327,13,4,1,0,0
14-10-2018,134.332,2018,10,6,8405.802,239.358,1180.82,1846.78,491.55,2900.789857,2878.473786,2946.904567,3028.204962,14,4,1,0,0
15-10-2018,1017.94,2018,10,0,134.332,5625.394,2749.21,540.76,15.92,2751.291571,2756.156071,2934.9973,3150.626826,15,4,0,0,0
16-10-2018,3473.597,2018,10,1,1017.94,8405.802,608.356,2978.466,3471.403,2503.967286,2790.240357,2968.397967,3218.04844,16,4,0,0,0
17-10-2018,126.352,2018,10,2,3473.597,134.332,1496.589,5418.022,7285.026,2913.287429,2825.606857,2968.4711,3117.398845,17,4,0,0,0
19-10-2018,2781.8702,2018,10,4,126.352,1017.94,239.358,2504.48,831.65,2717.539286,2447.630429,2729.848633,3260.899842,19,4,0,0,0
20-10-2018,1333.858,2018,10,5,2781.8702,3473.597,5625.394,19.98,4979.226,3080.755314,2467.444014,2794.855973,3075.171579,20,4,1,0,0
21-10-2018,4537.201,2018,10,6,1333.858,126.352,8405.802,6684.616,1511.93,2467.678743,2561.292443,2673.343707,2906.472818,21,4,1,0,0
22-10-2018,15158.877,2018,10,0,4537.201,2781.8702,134.332,1180.82,1648.188,1915.021457,2407.905657,2774.186073,1711.194003,22,4,0,0,0
23-10-2018,3352.394,2018,10,1,15158.877,1333.858,1017.94,2749.21,7359.918,4061.385029,3406.3383,3224.542373,5124.285773,23,4,0,0,0
24-10-2018,529.085,2018,10,2,3352.394,4537.201,3473.597,608.356,338.172,4394.878457,3449.422871,3090.95824,4966.746314,24,4,0,0,0
26-10-2018,999.868,2018,10,4,529.085,15158.877,126.352,1496.589,7871.213,3974.233886,3443.760657,3097.322007,5177.972902,26,4,0,0,0
27-10-2018,1086.32,2018,10,5,999.868,3352.394,2781.8702,239.358,2395.786,4099.021886,3408.280586,2868.277173,5079.371243,27,4,1,0,0
28-10-2018,408.726,2018,10,6,1086.32,529.085,1333.858,5625.394,6450.462,3856.800429,3468.777871,2824.628307,5191.834274,28,4,1,0,0
29-10-2018,46.96,2018,10,0,408.726,999.868,4537.201,8405.802,1412.213,3724.638714,3096.158729,2623.237107,5277.824213,29,4,0,0,0
30-10-2018,4025.73,2018,10,1,46.96,1086.32,15158.877,134.332,1486.576,3083.175714,2499.098586,2577.728673,5433.189829,30,4,0,0,0
31-10-2018,523.928,2018,10,2,4025.73,408.726,3352.394,1017.94,559.271,1492.726143,2777.055586,2662.36714,1553.300169,31,4,0,0,1
01-11-2018,2921.43,2018,11,3,523.928,46.96,529.085,3473.597,1846.78,1088.659571,2741.769014,2661.18904,1342.495514,1,4,0,1,0
02-11-2018,6294.386,2018,11,4,2921.43,4025.73,999.868,126.352,540.76,1430.423143,2702.328514,2697.010707,1474.340112,2,4,0,0,0
03-11-2018,4536.937,2018,11,5,6294.386,523.928,1086.32,2781.8702,2978.466,2186.782857,3142.902371,2888.79824,2327.741016,3,4,1,0,0
04-11-2018,10668.096,2018,11,6,4536.937,2921.43,408.726,1333.858,5418.022,2679.728143,3268.264286,2940.747273,2419.41832,4,4,1,0,0
05-11-2018,2355.064,2018,11,0,10668.096,6294.386,46.96,4537.201,2504.48,4145.352429,3934.995571,3115.74974,3622.653229,5,4,0,0,0
06-11-2018,4288.75,2018,11,1,2355.064,4536.937,4025.73,15158.877,19.98,4475.081571,3779.128643,3110.769207,3275.895844,6,4,0,0,0
07-11-2018,2413.378,2018,11,2,4288.75,10668.096,523.928,3352.394,6684.616,4512.655857,3002.691,3253.06154,3271.388118,7,4,0,0,0
08-11-2018,384.1,2018,11,3,2413.378,2355.064,2921.43,529.085,1180.82,4782.577286,2935.618429,3110.68694,2949.545047,8,4,0,0,0
09-11-2018,4751.492,2018,11,4,384.1,4288.75,6294.386,999.868,2749.21,4420.101571,2925.262357,3084.129607,3345.691473,9,4,0,0,0
10-11-2018,4007.548,2018,11,5,4751.492,2413.378,4536.937,1086.32,608.356,4199.688143,3193.2355,3150.87234,3251.120616,10,4,1,0,0
11-11-2018,1815.218,2018,11,6,4007.548,384.1,10668.096,408.726,1496.589,4124.061143,3401.894643,3264.17874,3248.123984,11,4,1,0,0
12-11-2018,2911.386,2018,11,0,1815.218,4751.492,2355.064,46.96,239.358,2859.364286,3502.358357,3274.799707,1560.556201,12,4,0,0,0
13-11-2018,6633.4202,2018,11,1,2911.386,4007.548,4288.75,4025.73,5625.394,2938.838857,3706.960214,3363.867307,1544.67839,13,4,0,0,0
14-11-2018,834.658,2018,11,2,6633.4202,1815.218,2413.378,523.928,8405.802,3273.791743,3893.2238,3397.46818,2055.825265,14,4,0,0,0
15-11-2018,559.2,2018,11,3,834.658,2911.386,384.1,2921.43,134.332,3048.260314,3915.4188,3145.096713,2243.936859,15,4,0,0,0
16-11-2018,4755.234,2018,11,4,559.2,6633.4202,4751.492,6294.386,1017.94,3073.2746,3746.688086,3159.25898,2210.007799,16,4,0,0,0
17-11-2018,13408.7928,2018,11,5,4755.234,834.658,4007.548,4536.937,3473.597,3073.809171,3636.748657,3283.835447,2210.481795,17,4,1,0,0
18-11-2018,1469.756,2018,11,6,13408.7928,559.2,1815.218,10668.096,126.352,4416.844143,4270.452643,3615.00864,4520.89955,18,4,1,0,0
19-11-2018,7397.272,2018,11,0,1469.756,4755.234,2911.386,2355.064,2781.8702,4367.492429,3613.428357,3659.788773,4555.784185,19,4,0,0,0
20-11-2018,2988.274,2018,11,1,7397.272,13408.7928,6633.4202,4288.75,1333.858,5008.333286,3973.586071,3813.6355,4631.695092,20,4,0,0,0
21-11-2018,2236.184,2018,11,2,2988.274,1469.756,834.658,2413.378,4537.201,4487.598114,3880.694929,3868.7827,4623.439787,21,4,0,0,0
22-11-2018,35.712,2018,11,3,2236.184,7397.272,559.2,384.1,15158.877,4687.816114,3868.038214,3792.082133,4466.569453,22,4,0,0,0
23-11-2018,1153.109,2018,11,4,35.712,2988.274,4755.234,4751.492,3352.394,4613.032114,3843.153357,3287.976633,4550.804127,23,4,0,0,0
24-11-2018,4736.061,2018,11,5,1153.109,2236.184,13408.7928,4007.548,529.085,4098.442829,3586.126,3214.667133,4732.091519,24,4,1,0,0
25-11-2018,3666.157,2018,11,6,4736.061,35.712,1469.756,1815.218,999.868,2859.481143,3638.162643,3354.899667,2494.490555,25,4,1,0,0
26-11-2018,5048.172,2018,11,0,3666.157,1153.109,7397.272,2911.386,1086.32,3173.252714,3770.372571,3443.775967,2427.794629,26,4,0,0,0
27-11-2018,1618.254,2018,11,1,5048.172,4736.061,2988.274,6633.4202,408.726,2837.667,3923.000143,3575.8377,1837.107308,27,4,0,0,0
28-11-2018,6912.944,2018,11,2,1618.254,3666.157,2236.184,834.658,46.96,2641.949857,3564.773986,3616.1553,1890.587596,28,4,0,0,0
29-11-2018,491.888,2018,11,3,6912.944,5048.172,35.712,559.2,4025.73,3310.058429,3998.937271,3845.021433,2462.995816,29,4,0,0,0
30-11-2018,6645.282,2018,11,4,491.888,1618.254,1153.109,4755.234,523.928,3375.226429,3994.129271,3727.2267,2366.048122,30,4,0,0,1
01-12-2018,5331.178,2018,12,5,6645.282,6912.944,4736.061,13408.7928,2921.43,4159.822571,4129.1327,3931.271833,2416.451328,1,4,1,1,0
02-12-2018,9951.182,2018,12,6,5331.178,491.888,3666.157,1469.756,6294.386,4244.839286,3552.160214,4011.596767,2450.335013,2,4,1,0,0
03-12-2018,1403.842,2018,12,0,9951.182,6645.282,5048.172,7397.272,4536.937,5142.7,4157.976357,4133.489967,3230.305636,3,4,0,0,0
04-12-2018,2639.638,2018,12,1,1403.842,5331.178,1618.254,2988.274,10668.096,4622.081429,3729.874214,4029.053467,3528.032141,4,4,0,0,0
05-12-2018,1248.106,2018,12,2,2639.638,9951.182,6912.944,2236.184,2355.064,4767.993429,3704.971643,3761.4382,3401.963533,5,4,0,0,0
06-12-2018,10.68,2018,12,3,1248.106,1403.842,491.888,35.712,4288.75,3958.730857,3634.394643,3724.5396,3479.573452,6,4,0,0,0
07-12-2018,2916.514,2018,12,4,10.68,2639.638,6645.282,1153.109,2413.378,3889.986857,3632.606643,3581.937267,3563.229211,7,4,0,0,0
08-12-2018,7643.041,2018,12,5,2916.514,1248.106,5331.178,4736.061,384.1,3357.305714,3758.564143,3598.708467,3355.328303,8,4,1,0,0
09-12-2018,5470.39,2018,12,6,7643.041,10.68,9951.182,3666.157,4751.492,3687.571857,3966.205571,3840.673167,3680.063251,9,4,1,0,0
10-12-2018,3873.559,2018,12,0,5470.39,2916.514,1403.842,5048.172,4007.548,3047.458714,4095.079357,3864.636433,2656.26956,10,4,0,0,0
11-12-2018,2025.035,2018,12,1,3873.559,7643.041,2639.638,1618.254,1815.218,3400.275429,4011.178429,3860.170133,2563.988306,11,4,0,0,0
13-12-2018,580.936,2018,12,3,2025.035,5470.39,1248.106,6912.944,2911.386,3312.475,4040.234214,3867.164033,2604.578364,13,4,0,0,0
14-12-2018,3897.714,2018,12,4,580.936,3873.559,10.68,491.888,6633.4202,3217.165,3587.947929,3789.482367,2703.055947,14,4,0,0,0
15-12-2018,306.888,2018,12,5,3897.714,2025.035,2916.514,6645.282,834.658,3772.455571,3831.221214,3698.29216,2304.424594,15,4,1,0,0
16-12-2018,858.702,2018,12,6,306.888,580.936,7643.041,5331.178,559.2,3399.651857,3378.478786,3680.699827,2651.002346,16,4,1,0,0
17-12-2018,2027.758,2018,12,0,858.702,3897.714,5470.39,9951.182,4755.234,2430.460571,3059.016214,3690.683227,2001.733962,17,4,0,0,0
18-12-2018,3645.911,2018,12,1,2027.758,306.888,3873.559,1403.842,13408.7928,1938.656,2493.057357,3599.76736,1487.14096,18,4,0,0,0
19-12-2018,1895.926,2018,12,2,3645.911,858.702,2025.035,2639.638,1469.756,1906.134857,2653.205143,3274.337967,1439.502,19,4,0,0,0
20-12-2018,377.736,2018,12,3,1895.926,2027.758,580.936,1248.106,7397.272,1887.690714,2600.082857,3288.543633,1438.551455,20,4,0,0,0
21-12-2018,2140.94,2018,12,4,377.736,3645.911,3897.714,10.68,2988.274,1858.662143,2537.913571,3054.5591,1470.999574,21,4,0,0,0
22-12-2018,7442.021,2018,12,5,2140.94,1895.926,306.888,2916.514,2236.184,1607.694429,2690.075,3026.314633,1187.721434,22,4,1,0,0
23-12-2018,1926.776,2018,12,6,7442.021,377.736,858.702,7643.041,35.712,2626.999143,3013.3255,3199.842533,2364.26478,23,4,1,0,0
24-12-2018,6233.054,2018,12,0,1926.776,2140.94,2027.758,5470.39,1153.109,2779.581143,2605.020857,3262.878,2263.439731,24,4,0,0,0
25-12-2018,2698.927,2018,12,1,6233.054,7442.021,3645.911,3873.559,4736.061,3380.337714,2659.496857,3432.2095,2568.197618,25,4,0,0,0
26-12-2018,814.594,2018,12,2,2698.927,1926.776,1895.926,2025.035,3666.157,3245.054286,2575.594571,3364.305033,2576.804034,26,4,0,0,0
27-12-2018,177.636,2018,12,3,814.594,6233.054,377.736,580.936,5048.172,3090.578286,2489.1345,3269.252933,2700.600687,27,4,0,0,0
28-12-2018,1657.3508,2018,12,4,177.636,2698.927,2140.94,3897.714,1618.254,3061.992571,2460.327357,3106.901733,2734.942531,28,4,0,0,0
29-12-2018,2915.534,2018,12,5,1657.3508,814.594,7442.021,306.888,6912.944,2992.9084,2300.301414,3108.20496,2767.993744,29,4,1,0,0
30-12-2018,713.79,2018,12,6,2915.534,177.636,1926.776,858.702,491.888,2346.2674,2486.633271,2974.95796,1968.718195,30,4,1,0,0
